MaritalStatus,ApplicationMode,ApplicationOrder,Course,DaytimeEveningAttendance,PreviousQualification,PreviousQualificationGrade,Nationality,MothersQualification,FathersQualification,MothersOccupation,FathersOccupation,AdmissionGrade,Displaced,EducationalSpecialNeeds,Debtor,TuitionFeesUpToDate,Gender,ScholarshipHolder,AgeAtEnrollment,International,CurricularUnits1stSemCredited,CurricularUnits1stSemEnrolled,CurricularUnits1stSemEvaluations,CurricularUnits1stSemApproved,CurricularUnits1stSemGrade,CurricularUnits1stSemWithoutEvaluations,CurricularUnits2ndSemCredited,CurricularUnits2ndSemEnrolled,CurricularUnits2ndSemEvaluations,CurricularUnits2ndSemApproved,CurricularUnits2ndSemGrade,CurricularUnits2ndSemWithoutEvaluations,UnemploymentRate,InflationRate,GDP,Target
1,39,1,9085,1,12,1,1,37,37,10,9,3,0,0,0,1,1,0,3,0,0,2,0,0,0,0,0,2,0,0,0,0,2,1,2,0
1,1,1,9670,1,1,1,1,3,1,4,4,0,0,0,0,1,1,0,0,0,0,2,1,0,0,0,0,2,1,0,0,0,3,3,0,0
1,51,1,9670,1,19,1,1,2,1,3,10,1,0,0,1,1,1,0,3,0,1,2,3,1,1,0,0,2,1,0,0,0,1,1,3,0
1,1,5,9147,1,1,1,1,19,3,9,9,1,1,0,0,1,1,0,0,0,0,1,3,1,0,0,0,1,3,2,0,0,2,0,2,0
1,1,4,9254,1,1,1,1,12,19,9,9,1,1,0,0,1,0,0,0,0,0,1,3,0,0,0,0,1,3,0,0,0,0,2,1,0
1,7,1,33,1,40,0,1,38,37,5,6,1,1,0,1,0,1,0,2,0,3,3,3,3,2,0,3,3,3,3,2,1,1,1,3,0
1,17,1,9147,1,1,2,1,37,37,9,7,2,1,0,0,1,0,0,1,0,0,1,2,1,0,0,0,1,3,1,1,0,0,2,1,0
1,1,1,9085,1,1,0,1,38,19,4,90,2,0,0,1,0,1,0,1,0,0,1,2,1,1,0,0,1,2,1,1,0,0,2,1,0
1,39,1,9500,1,19,1,1,1,19,4,10,0,1,0,0,1,0,0,3,0,0,3,0,0,0,0,0,3,0,0,0,0,1,1,3,0
1,1,4,171,1,1,1,1,1,19,4,5,3,1,0,1,0,1,0,0,0,0,0,0,0,0,0,0,0,0,0,0,0,3,3,0,0
1,17,2,9238,1,1,3,1,1,11,4,3,2,1,0,0,1,0,0,0,0,0,1,3,0,0,0,0,1,0,0,0,0,0,0,0,0
1,17,1,9085,1,1,1,1,19,38,194,193,0,0,0,0,1,0,0,0,0,0,1,0,0,0,0,0,1,0,0,0,0,2,1,2,0
2,39,1,9670,1,1,1,1,19,38,9,9,3,0,0,0,1,1,0,3,0,0,2,3,1,1,0,0,2,3,2,1,0,2,0,2,0
1,43,1,9991,0,1,1,1,37,2,9,4,2,1,0,0,0,1,0,2,0,3,3,3,3,0,0,3,3,3,3,1,1,0,2,1,0
1,43,1,171,1,1,0,1,3,1,2,3,0,1,0,1,1,0,0,1,0,0,0,0,0,0,0,0,0,0,0,0,0,2,0,2,0
1,17,2,9773,1,1,0,1,1,1,2,5,2,1,0,0,0,1,0,0,0,0,2,1,0,0,0,0,2,0,0,0,0,0,1,3,0
1,43,1,9556,1,1,2,1,37,37,9,9,2,1,0,0,0,0,0,3,0,0,3,1,0,0,3,0,3,2,0,0,3,1,1,2,0
1,1,5,9119,1,1,1,1,38,19,5,3,1,0,0,0,1,0,0,0,0,0,1,3,0,0,0,0,1,2,0,0,0,0,0,0,0
1,1,4,9773,1,1,0,1,19,37,99,90,1,0,0,0,0,0,0,0,0,0,1,1,0,0,0,0,1,1,0,0,0,2,3,0,0
1,43,1,9853,1,1,0,1,37,37,9,9,0,0,0,1,0,0,0,3,0,0,3,0,0,0,0,0,1,3,0,0,0,1,1,2,0
1,17,1,9853,1,1,2,1,38,19,4,10,1,1,0,0,1,0,0,0,0,0,2,2,1,2,0,0,2,2,1,2,0,2,3,0,0
2,7,1,171,1,3,0,1,19,19,9,9,2,1,0,0,1,1,0,3,0,0,0,0,0,0,0,0,0,0,0,0,0,0,2,1,0
1,39,1,9500,1,4,3,1,3,38,3,7,2,1,0,0,1,1,0,3,0,1,3,2,2,2,0,1,3,3,3,2,0,1,1,3,0
1,44,1,9085,1,39,2,1,38,37,4,10,3,0,0,1,0,0,0,1,0,1,2,3,1,2,0,1,2,3,2,1,0,3,0,1,0
1,39,1,9130,1,1,0,1,38,38,9,10,1,0,0,0,1,0,0,2,0,0,2,2,2,2,0,0,2,3,2,2,0,1,1,3,0
1,43,1,171,1,39,2,1,38,37,9,7,3,0,0,0,0,1,0,2,0,0,0,0,0,0,0,0,0,0,0,0,0,3,3,0,0
1,43,1,9773,1,1,0,1,1,3,9,3,1,0,0,0,0,1,0,2,0,0,1,1,0,0,3,0,1,2,1,1,0,1,1,2,0
4,39,1,9670,1,19,1,1,37,37,9,7,2,0,0,1,1,1,1,3,0,0,2,3,1,3,0,0,2,2,0,0,0,1,1,3,0
1,39,1,9119,1,10,1,1,34,37,0,0,2,1,0,0,1,1,0,3,0,0,1,0,0,0,0,0,1,0,0,0,0,0,2,1,0
1,1,1,9147,1,1,0,1,1,19,9,9,1,1,0,0,1,1,1,0,0,0,1,2,2,2,0,0,1,2,2,3,0,0,1,3,0
1,17,2,9070,1,1,1,1,37,37,9,9,1,1,1,0,1,1,1,2,0,0,2,2,1,0,0,0,2,1,1,1,0,2,3,0,0
1,51,1,9147,1,1,2,1,1,1,4,4,1,0,0,0,1,0,0,2,0,0,1,3,1,0,0,0,1,1,0,0,0,1,1,3,0
1,39,1,9556,1,19,1,1,42,1,3,7,0,0,0,0,1,1,0,3,0,0,3,3,0,0,0,0,3,3,0,0,1,1,1,3,0
1,39,1,9991,0,1,1,1,37,37,90,8,2,0,0,0,1,0,0,3,0,0,1,0,0,0,0,0,1,0,0,0,0,2,3,0,0
1,1,1,9238,1,1,3,1,38,37,9,5,3,0,0,0,1,0,1,0,0,0,2,1,2,3,0,0,2,1,0,0,0,3,3,0,0
1,17,2,9254,1,1,1,1,19,19,7,7,1,1,0,0,1,0,1,0,0,0,2,2,1,0,2,0,2,1,0,0,0,2,3,0,0
1,1,1,9147,1,1,3,1,34,19,0,4,3,1,0,0,1,1,1,0,0,0,1,1,1,2,0,0,1,1,0,0,0,0,2,1,0
1,1,1,9853,1,1,0,1,38,38,9,9,1,0,0,1,0,0,0,0,0,0,3,3,1,1,0,0,3,2,3,1,0,3,0,1,0
1,18,4,9773,1,1,1,1,19,19,4,4,1,1,0,0,1,0,0,1,0,0,2,3,1,1,0,0,2,2,2,1,0,3,3,0,0
1,1,4,171,1,1,1,1,1,1,9,5,1,1,0,0,0,0,0,0,0,0,0,0,0,0,0,0,0,0,0,0,0,0,0,0,0
1,17,2,9853,1,1,1,1,37,37,5,0,0,0,0,0,1,0,0,0,0,0,3,3,1,2,0,0,3,3,1,3,0,0,2,1,0
1,39,1,9991,0,1,2,1,1,1,4,10,3,0,0,0,1,1,0,2,0,0,1,3,1,0,0,0,1,2,1,1,0,2,1,2,0
1,17,5,9147,1,1,1,1,1,1,4,4,2,1,0,0,1,0,0,0,0,0,1,3,1,0,0,0,1,3,1,0,0,0,2,1,0
1,17,1,9130,1,1,0,1,19,19,3,10,2,1,0,0,1,1,0,0,0,0,1,3,1,0,2,0,1,2,0,0,3,1,1,2,0
1,39,2,9147,1,1,1,1,19,19,5,9,1,0,0,0,0,1,0,3,0,0,1,1,1,0,0,0,1,2,0,0,0,1,1,2,0
2,7,1,9147,1,3,2,1,37,37,9,9,3,0,0,0,1,0,0,2,0,0,1,0,0,0,0,0,1,0,0,0,0,0,2,1,0
1,1,1,9670,1,1,0,1,1,38,3,9,0,0,0,1,0,0,1,0,0,0,1,1,1,1,0,0,1,2,1,2,0,2,1,2,0
1,51,1,9670,1,1,1,1,3,1,3,10,0,0,0,0,1,1,0,2,0,0,2,3,2,2,0,0,2,3,2,3,0,1,1,3,0
2,39,1,9119,1,3,0,1,37,37,4,7,1,0,0,0,0,0,0,3,0,0,1,1,0,0,0,0,1,1,0,0,0,2,3,0,0
1,1,3,9773,1,1,1,1,19,38,8,3,2,1,0,1,1,1,0,0,0,0,2,1,3,2,0,0,2,2,2,1,0,2,3,0,0
1,43,1,9991,0,1,0,1,19,37,3,9,0,0,0,0,1,0,0,3,0,0,1,2,0,0,0,0,1,3,1,1,0,2,0,2,0
1,51,1,9773,1,1,3,1,1,19,8,8,0,1,0,0,1,1,0,1,0,1,3,1,2,3,0,1,1,1,1,2,0,0,1,3,0
1,39,1,171,1,19,1,101,1,19,2,7,0,0,0,0,1,1,1,2,1,0,0,0,0,0,0,0,0,0,0,0,0,3,3,0,0
1,43,1,9670,1,1,2,1,3,19,3,5,1,0,0,0,1,0,0,0,0,0,2,0,0,0,0,0,2,0,0,0,0,3,3,0,0
1,39,1,9500,1,19,1,1,1,3,2,2,0,0,0,1,1,1,0,2,0,0,3,3,0,0,3,0,3,1,0,0,0,3,0,1,0
1,1,2,9991,0,1,0,1,1,3,4,2,0,0,0,0,0,1,0,2,0,0,1,1,1,1,0,0,1,2,1,0,2,0,2,1,0
1,17,4,9773,1,1,1,1,2,37,9,9,0,1,0,1,0,0,0,0,0,0,2,1,0,0,0,0,2,0,0,0,0,0,1,3,0
1,42,1,9853,1,1,0,1,1,37,5,5,0,1,0,0,1,0,0,2,0,0,2,2,1,1,0,0,2,3,1,0,0,2,3,0,0
1,1,5,171,1,1,3,1,1,1,4,4,3,0,0,0,1,1,0,0,0,0,0,0,0,0,0,0,0,0,0,0,0,2,3,0,0
1,17,1,9773,1,1,0,1,38,38,9,9,0,0,0,1,1,1,0,0,0,0,2,1,1,1,0,0,2,1,1,1,0,3,0,1,0
1,1,1,171,1,1,2,1,37,37,7,9,2,1,0,0,0,0,1,0,0,0,0,0,0,0,0,0,0,0,0,0,0,2,3,0,0
1,43,1,8014,0,1,0,1,37,37,9,9,0,0,0,0,1,0,0,3,0,0,2,1,1,2,0,0,2,1,3,3,0,2,0,2,0
1,17,1,9853,1,1,1,1,34,34,0,0,1,1,0,0,1,0,0,2,0,0,1,3,1,1,0,0,1,3,1,1,0,0,2,1,0
1,39,1,9254,1,19,1,1,3,19,2,3,1,0,0,0,1,0,1,3,0,0,1,1,2,3,0,0,1,1,1,2,0,3,0,1,0
1,43,1,9991,0,1,2,1,37,38,9,8,3,0,0,1,0,0,0,3,0,0,1,3,1,2,0,0,1,3,1,2,3,3,0,1,0
1,42,1,9119,1,1,0,1,19,37,9,9,0,0,0,0,0,1,0,3,0,0,1,0,0,0,0,0,1,0,0,0,0,3,3,0,0
1,5,3,9085,1,1,3,1,37,37,0,90,3,0,0,1,1,0,1,0,0,0,1,1,1,3,0,0,1,1,1,3,0,0,2,1,0
2,44,1,9003,1,39,2,1,37,37,4,7,3,0,0,0,1,1,0,3,0,0,2,3,1,1,0,0,2,3,1,0,2,3,0,1,0
1,1,1,9254,1,1,1,1,19,19,4,6,1,0,0,1,0,0,0,2,0,0,1,3,1,0,0,0,1,3,0,0,0,1,1,2,0
1,17,1,9238,1,1,2,1,1,44,4,2,1,1,0,1,0,1,0,1,0,2,3,2,1,2,0,2,2,1,1,2,0,0,1,3,0
1,1,3,9500,1,1,2,1,19,19,5,8,1,1,0,0,1,0,1,0,0,0,3,2,3,2,0,0,3,2,3,3,0,2,0,2,0
1,1,1,171,1,1,0,1,37,37,9,8,2,1,0,1,0,0,1,2,0,0,0,0,0,0,0,0,0,0,0,0,0,0,0,0,0
2,39,1,9238,1,1,0,1,37,37,7,7,2,0,0,0,1,1,1,3,0,0,2,2,3,2,0,0,2,3,1,2,0,0,1,3,0
1,39,1,9773,1,19,1,1,19,1,7,9,0,1,0,1,0,1,0,2,0,0,1,3,1,2,0,0,1,2,1,3,0,2,3,0,0
1,17,1,9070,1,1,0,1,19,1,4,3,0,0,0,0,1,0,0,0,0,0,2,0,0,0,0,0,2,0,0,0,0,0,1,3,0
1,43,1,9085,1,1,0,1,3,19,4,6,0,0,0,1,0,1,0,3,0,1,2,3,1,1,0,0,2,2,1,1,0,2,0,2,0
1,1,1,9147,1,1,0,1,38,1,9,8,1,0,0,0,1,1,0,2,0,0,1,2,1,0,0,0,1,3,1,0,0,0,2,1,0
1,43,1,9670,1,6,3,1,34,34,0,0,0,0,0,0,1,1,0,3,0,1,1,1,1,3,0,0,1,1,0,0,0,0,0,0,0
1,51,1,9147,1,19,1,1,19,19,9,5,0,0,0,1,0,1,0,3,0,0,1,1,0,0,0,0,1,1,0,0,0,0,1,3,0
1,1,1,9119,1,1,1,1,1,12,3,3,2,1,0,0,1,1,0,0,0,0,1,2,1,1,0,0,2,3,1,0,0,1,1,3,0
1,1,1,9085,1,1,2,1,3,2,1,1,2,1,0,0,0,0,0,2,0,0,1,3,1,3,3,0,1,1,1,2,1,0,0,0,0
1,39,1,9238,1,1,2,1,34,34,0,0,0,1,0,0,0,0,0,3,0,0,2,3,1,2,0,0,2,3,0,0,0,0,0,0,0
1,1,4,9070,1,1,3,1,1,1,9,7,2,1,0,0,1,0,1,0,0,0,2,1,2,3,0,0,2,1,2,2,0,2,1,2,0
1,43,1,9070,1,1,0,1,38,38,7,7,0,1,0,0,1,1,0,2,0,3,3,3,3,1,0,3,3,3,3,2,0,2,3,0,0
1,43,3,171,1,1,2,1,37,38,7,7,3,1,0,0,1,0,0,2,0,0,0,0,0,0,0,0,0,0,0,0,0,0,0,0,0
1,39,1,9003,1,1,1,1,1,1,1,6,1,0,0,0,0,1,0,2,0,0,2,0,0,0,0,0,2,0,0,0,0,2,0,2,0
1,39,1,9991,0,1,1,1,19,37,9,7,0,0,0,0,1,1,0,3,0,0,1,2,1,0,0,0,1,2,0,0,0,2,0,2,0
1,44,1,9130,1,39,2,1,1,19,4,8,3,0,0,0,1,0,0,0,0,0,2,0,0,0,0,0,2,0,0,0,0,2,3,0,0
1,39,1,9003,1,19,1,1,1,19,9,8,1,0,0,1,0,1,0,3,0,0,2,3,1,1,0,0,2,1,0,0,0,0,1,3,0
1,17,1,9500,1,1,2,1,1,1,9,9,2,1,0,0,1,0,1,0,0,0,3,3,2,3,0,0,3,2,3,2,0,1,1,3,0
2,39,1,9853,1,1,0,1,37,37,9,9,0,0,0,1,0,0,0,3,0,0,2,1,0,0,0,0,1,3,0,0,0,1,1,2,0
2,1,1,9254,1,1,2,1,37,37,9,9,1,0,0,0,1,0,1,3,0,0,2,3,1,1,0,0,2,3,1,0,0,0,2,1,0
1,1,1,9147,1,1,1,1,1,1,2,10,0,0,0,0,1,1,0,0,0,0,1,2,1,0,0,0,1,2,1,3,0,0,2,1,0
1,17,1,9238,1,1,2,1,37,37,8,6,2,0,0,0,1,0,0,2,0,0,2,0,0,0,0,0,2,0,0,0,0,3,0,1,0
1,18,3,9853,1,1,1,1,38,37,5,9,0,1,0,0,0,1,0,0,0,0,2,3,1,1,0,0,2,3,0,0,0,1,1,2,0
1,17,1,9147,1,1,0,1,19,19,9,7,0,0,0,0,1,0,0,0,0,0,1,1,1,0,0,0,1,3,1,3,0,1,1,2,0
1,1,1,9254,1,1,1,1,1,1,4,2,2,0,0,1,0,0,1,2,0,0,2,2,3,3,0,0,2,2,3,1,0,0,1,3,0
4,43,4,9991,0,12,1,1,37,37,9,9,3,0,0,0,0,0,0,3,0,0,1,3,0,0,0,0,1,1,0,0,0,0,2,1,0
1,17,1,9147,1,1,2,1,1,37,5,9,2,1,0,0,1,1,0,2,0,0,1,2,1,0,0,0,1,1,1,0,0,0,2,1,0
1,15,1,9085,1,1,1,41,37,37,9,9,0,0,0,0,1,0,0,0,1,0,2,3,1,1,0,0,2,3,2,1,0,1,1,3,0
1,1,1,171,1,1,1,1,1,38,7,8,3,1,0,0,1,1,0,3,0,0,0,0,0,0,0,0,0,0,0,0,0,1,1,3,0
1,1,1,9500,1,1,3,1,1,1,5,5,3,1,0,0,1,1,0,0,0,0,3,1,3,3,0,0,3,2,0,0,0,3,0,1,0
4,39,1,9085,1,1,1,1,34,34,0,0,2,0,0,0,1,0,0,2,0,0,1,1,0,0,0,0,1,1,0,0,0,0,2,1,0
1,39,1,9670,1,1,0,1,1,1,4,4,1,0,0,0,1,1,0,3,0,0,1,1,1,1,0,0,1,1,1,3,0,0,0,0,0
1,7,1,9119,1,1,3,1,34,34,0,0,2,0,0,0,1,1,0,2,0,0,1,0,0,0,0,0,1,0,0,0,0,0,2,1,0
1,18,3,9119,1,1,0,1,1,19,9,8,0,1,0,0,1,1,0,0,0,0,1,3,1,1,0,0,1,2,1,3,0,2,1,2,0
1,43,1,9773,1,1,0,1,37,38,9,5,0,1,0,0,0,1,0,3,0,0,2,3,1,1,0,0,2,3,0,0,0,0,0,0,0
1,39,1,9003,1,1,0,1,37,37,9,9,0,0,0,1,0,0,0,3,0,0,3,1,0,0,0,0,3,1,0,0,0,1,1,3,0
1,39,1,9085,1,39,0,1,37,37,1,9,3,1,0,0,0,1,0,3,0,1,1,1,1,2,0,1,1,1,1,1,0,2,1,2,0
1,17,2,9556,1,1,0,1,37,37,5,5,0,1,0,0,1,0,0,3,0,0,3,2,0,0,0,0,3,2,0,0,0,3,0,1,0
1,39,1,9003,1,1,1,1,37,37,9,7,0,1,0,0,0,1,0,3,0,0,2,3,1,2,0,0,2,2,0,0,0,3,3,0,0
1,1,3,9085,1,1,1,1,37,19,9,8,3,1,0,1,0,0,0,0,0,0,1,1,1,2,0,0,1,2,1,1,0,0,2,1,0
1,17,2,9670,1,1,1,1,1,19,5,5,1,1,0,0,1,0,0,2,0,0,2,0,0,0,0,0,2,0,0,0,0,0,1,3,0
1,39,1,9500,1,1,1,1,37,37,7,7,1,0,0,0,0,1,0,3,0,0,3,3,2,1,0,0,3,3,1,1,0,1,1,3,0
2,39,1,9003,1,1,0,1,1,3,4,2,3,0,0,1,0,1,0,3,0,2,3,3,2,1,0,1,3,2,2,1,0,0,1,3,0
1,1,5,9070,1,1,0,1,19,37,5,5,2,1,0,1,0,1,0,2,0,0,2,1,1,3,0,0,2,1,0,0,3,0,0,0,0
1,39,1,9238,1,9,1,1,34,34,0,0,1,0,0,0,1,0,0,3,0,0,2,3,0,0,0,0,1,3,0,0,0,0,2,1,0
1,43,1,9254,1,1,2,1,37,37,9,9,2,1,0,1,1,0,0,0,0,0,3,3,1,1,0,0,3,3,1,1,0,0,2,1,0
1,39,1,9991,0,1,0,1,37,37,9,9,3,0,0,0,1,1,0,3,0,0,1,0,0,0,0,0,1,0,0,0,0,2,3,0,0
1,1,6,9500,1,1,1,1,37,19,9,7,2,1,0,0,1,0,0,0,0,0,3,3,3,3,2,0,3,3,3,3,2,0,0,0,0
1,1,1,9130,1,1,3,1,3,1,1,3,3,0,0,0,0,0,0,2,0,0,1,2,0,0,3,1,1,3,1,1,3,1,1,2,0
1,39,1,9003,1,12,1,1,37,19,9,10,1,0,0,0,1,1,0,3,0,0,2,2,0,0,0,0,2,1,0,0,0,2,0,2,0
1,17,1,9254,1,1,0,1,37,37,5,6,0,0,0,0,0,0,0,1,0,0,2,0,0,0,0,0,2,0,0,0,0,3,3,0,0
2,39,1,9119,1,1,0,1,19,19,0,5,3,0,0,1,1,1,0,3,0,0,1,1,0,0,0,0,1,1,0,0,0,0,2,1,0
1,43,1,9853,1,1,0,1,3,37,2,5,0,1,0,0,1,0,0,2,0,0,1,3,1,2,0,0,1,3,1,0,0,0,0,0,0
1,1,5,9147,1,1,1,1,39,39,3,3,2,1,0,0,0,1,0,0,0,0,1,0,0,0,0,0,1,0,0,0,0,1,1,3,0
1,44,1,9238,1,39,1,1,1,19,4,5,2,0,0,1,0,1,0,3,0,2,2,2,2,1,0,1,2,2,2,1,0,2,0,2,0
1,39,1,9670,1,1,2,1,38,37,7,7,0,0,0,0,1,1,0,3,0,0,2,2,1,3,0,0,2,1,0,0,0,3,0,1,0
2,39,1,9500,1,1,0,1,37,37,9,6,0,0,0,0,1,0,0,3,0,0,3,0,0,0,0,0,3,0,0,0,0,1,1,2,0
1,17,1,171,1,1,3,1,37,37,9,1,3,1,0,0,1,0,0,0,0,0,0,0,0,0,0,0,0,0,0,0,0,3,3,0,0
1,39,1,9670,1,1,0,1,34,34,0,0,0,1,0,0,1,0,0,2,0,0,1,3,1,2,0,0,1,3,1,1,0,0,2,1,0
1,39,1,9085,1,1,1,1,3,19,2,9,0,0,0,0,1,0,0,3,0,0,2,3,1,1,0,0,3,3,1,1,0,1,1,3,0
1,1,4,9773,1,1,2,1,37,37,0,90,2,1,0,0,1,0,0,0,0,0,2,1,3,2,0,0,2,2,2,3,0,1,1,2,0
1,1,1,9670,1,1,0,1,37,37,5,8,0,0,0,0,0,1,0,2,0,0,2,2,1,2,0,0,2,1,2,1,0,2,3,0,0
1,1,1,9853,1,1,1,1,19,19,9,8,2,1,0,0,1,0,0,2,0,0,1,2,1,1,0,0,1,2,1,1,0,2,3,0,0
1,17,1,171,1,1,1,1,3,1,9,9,2,1,0,0,1,0,0,1,0,0,0,0,0,0,0,0,0,0,0,0,0,2,3,0,0
1,17,6,9670,1,1,0,1,38,19,0,1,0,0,0,0,0,1,0,0,0,0,2,2,1,1,0,0,2,3,1,0,0,1,1,2,0
2,39,2,9670,1,19,1,1,37,37,9,9,3,0,0,0,1,0,0,3,0,0,2,3,2,1,0,0,2,2,1,3,0,2,1,2,0
1,1,2,9147,1,1,0,1,1,19,9,9,0,1,0,0,0,0,0,1,0,0,1,3,1,0,0,0,1,3,1,2,0,0,2,1,0
1,39,1,9670,1,1,0,1,11,11,90,4,0,1,0,0,1,1,0,3,0,0,1,3,1,1,0,0,1,2,1,1,0,0,2,1,0
1,17,2,9853,1,1,3,1,38,19,5,5,3,1,0,0,1,0,1,0,0,0,2,2,2,2,0,0,2,1,2,2,0,1,1,2,0
1,43,1,9238,1,1,0,1,19,19,4,8,0,1,0,0,1,0,0,2,0,0,1,3,1,1,0,0,1,3,1,1,0,3,0,1,0
1,1,5,9500,1,1,1,1,19,37,9,7,2,1,0,0,1,0,0,0,0,0,3,3,3,2,0,0,3,3,3,1,0,3,3,0,0
1,7,1,9130,1,3,2,1,2,38,2,3,3,1,0,0,0,1,0,0,0,1,1,1,1,2,0,0,1,1,0,0,0,2,3,0,0
4,39,1,8014,0,19,1,1,37,37,90,7,0,0,0,0,0,0,0,3,0,0,2,2,1,1,0,0,2,2,1,1,0,0,0,0,0
1,17,2,9773,1,1,1,1,3,5,0,2,1,1,0,0,0,1,1,2,0,0,1,2,0,0,0,0,1,2,0,0,0,0,2,1,0
1,17,3,9119,1,1,2,1,3,3,3,4,1,1,1,0,1,1,0,0,0,0,1,3,1,2,0,0,1,2,1,0,0,0,1,3,0
1,1,2,171,1,1,1,1,37,37,9,9,1,1,0,0,0,1,0,2,0,0,0,0,0,0,0,0,0,0,0,0,0,0,2,1,0
1,17,1,9773,1,1,0,1,1,1,5,1,0,0,0,1,0,1,0,0,0,0,2,1,2,2,0,0,2,3,1,2,0,3,3,0,0
1,39,1,9500,1,1,0,1,37,37,9,9,2,0,0,1,0,0,0,3,0,0,3,3,1,3,0,0,3,1,0,0,0,3,0,1,0
2,39,1,9991,0,1,1,1,37,37,6,3,3,0,0,1,1,1,0,3,0,0,1,3,1,0,0,0,1,3,1,2,0,0,0,0,0
1,39,1,9085,1,1,2,1,37,37,90,90,0,0,0,1,0,1,0,3,0,0,1,1,1,1,0,0,1,2,1,0,0,0,2,1,0
4,39,1,8014,0,19,1,1,37,37,9,9,0,0,0,1,0,0,0,3,0,0,2,3,0,0,0,0,1,1,0,0,0,0,1,3,0
2,39,1,9500,1,19,1,1,38,38,2,10,1,0,0,0,1,0,0,3,0,0,3,2,1,0,0,0,3,2,0,0,0,3,0,1,0
4,39,1,8014,0,19,0,1,1,37,9,1,0,0,0,0,1,1,0,3,0,1,3,3,1,1,0,1,3,3,1,1,0,1,1,2,0
1,1,1,9130,1,1,3,1,3,3,2,2,3,1,0,1,1,1,0,0,0,0,1,3,1,3,0,0,1,2,1,1,0,3,0,1,0
2,39,1,9119,1,1,0,1,37,37,9,9,0,0,0,0,1,1,0,3,0,0,1,2,1,0,0,0,1,2,0,0,0,0,1,3,0
1,43,1,9670,1,1,2,1,1,38,4,4,1,0,0,1,0,0,0,0,0,0,3,3,1,0,0,0,3,1,1,2,0,3,3,0,0
1,1,2,171,1,1,0,1,3,19,4,7,1,1,0,0,1,0,0,2,0,0,0,0,0,0,0,0,0,0,0,0,0,0,1,3,0
2,43,2,9853,1,1,1,1,38,31,4,1,1,0,0,0,1,0,0,3,0,2,3,2,3,3,0,1,3,2,2,3,0,0,0,0,0
1,7,1,9500,1,5,2,1,19,1,4,1,3,1,0,0,0,0,0,3,0,0,3,0,0,0,0,0,3,0,0,0,0,2,1,2,0
1,39,1,9070,1,1,2,1,38,38,5,5,0,0,0,0,1,1,0,3,0,0,2,0,0,0,0,0,2,0,0,0,0,2,1,2,0
1,43,1,9070,1,1,0,1,38,37,8,7,2,1,0,0,1,1,0,1,0,2,2,1,1,2,0,2,3,3,1,2,0,2,1,2,0
2,39,1,9085,1,9,1,1,1,1,4,4,1,1,0,0,0,1,0,3,0,0,1,3,0,0,3,0,1,2,0,0,1,0,0,0,0
1,39,1,9238,1,19,1,1,37,37,9,9,3,0,0,1,0,1,0,3,0,0,2,2,0,0,0,0,1,1,0,0,0,3,0,1,0
1,44,1,9003,1,39,2,1,37,37,9,4,3,0,0,0,1,1,0,1,0,0,2,3,1,1,0,0,2,3,1,3,0,2,1,2,0
1,1,1,171,1,1,0,1,3,29,3,5,0,0,0,0,0,1,0,0,0,0,0,0,0,0,0,0,0,0,0,0,0,0,0,0,0
1,39,1,9991,0,1,1,1,37,37,6,6,0,0,0,1,1,0,0,3,0,0,1,1,0,0,0,0,1,1,0,0,0,2,3,0,0
1,17,1,9254,1,1,2,1,34,38,0,7,3,1,0,1,0,0,0,0,0,0,2,3,1,0,0,0,2,3,0,0,0,0,2,1,0
1,39,1,9003,1,1,1,1,19,19,9,5,0,0,0,0,0,1,0,3,0,0,2,2,0,0,0,0,2,1,0,0,0,2,0,2,0
1,17,1,9254,1,1,1,1,37,37,5,1,1,0,0,0,0,1,0,3,0,0,2,3,0,0,0,0,2,1,0,0,3,0,0,0,0
1,7,1,9119,1,3,0,1,19,19,1,1,1,0,0,0,0,1,0,3,0,1,1,2,1,2,0,1,1,1,1,3,0,2,3,0,0
2,1,1,9238,1,1,3,1,37,34,9,7,3,0,0,0,0,0,0,3,0,0,3,3,1,0,0,0,3,3,1,0,0,0,0,0,0
1,1,1,9773,1,1,3,1,19,1,5,10,3,1,0,0,1,0,0,0,0,0,2,1,2,3,0,0,2,1,2,3,0,1,1,3,0
1,1,1,171,1,1,3,1,3,3,2,2,3,1,0,0,1,1,0,0,0,0,0,0,0,0,0,0,0,0,0,0,0,0,0,0,0
2,39,1,9773,1,1,1,1,37,37,7,4,2,0,0,0,1,1,0,3,0,0,2,3,1,1,0,0,2,1,0,0,0,3,3,0,0
1,39,1,9119,1,12,1,1,34,34,0,0,0,0,0,0,0,1,0,3,0,0,1,1,0,0,0,0,1,1,0,0,0,1,1,2,0
1,17,3,9085,1,1,1,1,1,19,4,90,1,0,0,0,0,0,0,2,0,0,1,2,1,1,0,0,1,1,1,0,0,0,2,1,0
2,39,1,9991,0,1,1,1,37,37,9,9,0,0,0,0,1,0,0,3,0,0,1,3,1,0,0,0,1,3,1,1,0,2,1,2,0
1,44,1,9130,1,39,0,6,4,4,3,6,1,0,0,1,0,0,0,1,1,1,1,3,1,1,0,1,1,3,1,1,0,2,1,2,0
1,17,1,9254,1,1,0,1,1,37,9,10,0,1,0,0,1,0,0,1,0,0,1,2,1,1,0,0,1,3,1,1,0,0,2,1,0
2,39,1,9070,1,19,1,1,37,37,9,10,2,0,0,0,0,1,0,3,0,0,2,1,0,0,0,0,2,2,0,0,0,1,1,2,0
2,39,1,9853,1,19,1,1,37,19,3,7,0,0,0,0,1,0,0,3,0,0,2,3,1,2,0,0,2,3,1,1,0,0,2,1,0
1,1,1,171,1,1,0,1,37,37,3,5,0,0,0,0,1,1,0,0,0,0,0,0,0,0,0,0,0,0,0,0,0,2,0,2,0
1,42,1,171,1,1,1,1,1,1,1,4,2,1,0,0,1,0,0,0,0,0,0,0,0,0,0,0,0,0,0,0,0,2,3,0,0
2,39,1,9119,1,19,1,1,37,37,9,9,0,0,0,0,1,1,0,3,0,0,1,0,0,0,0,0,1,0,0,0,0,3,0,1,0
1,39,1,9991,0,1,3,1,37,37,9,7,3,0,0,0,1,0,0,3,0,0,1,0,0,0,0,0,1,0,0,0,0,3,3,0,0
1,1,1,9853,1,1,0,1,37,37,9,9,0,1,0,1,0,0,0,2,0,0,2,2,1,3,0,0,2,1,1,0,0,3,3,0,0
1,17,1,9147,1,1,2,1,3,38,1,9,2,0,0,0,0,1,0,0,0,0,1,3,1,0,0,0,1,2,1,1,0,3,3,0,0
2,39,2,9147,1,1,1,1,37,37,5,7,0,0,0,0,1,1,0,3,0,0,1,3,0,0,1,0,1,1,0,0,0,0,0,0,0
1,1,1,171,1,1,2,1,19,19,5,1,2,1,0,0,1,0,0,0,0,0,0,0,0,0,0,0,0,0,0,0,0,2,0,2,0
1,17,1,9773,1,1,0,1,37,37,0,4,1,1,0,0,1,1,0,0,0,0,2,3,0,0,1,0,2,0,0,0,0,0,0,0,0
1,39,1,9147,1,1,0,1,37,1,9,1,1,0,0,0,0,0,0,2,0,0,1,1,0,0,0,0,1,2,0,0,0,1,1,2,0
1,17,3,9119,1,1,0,1,3,1,3,3,0,1,0,0,0,1,0,0,0,0,1,2,2,2,0,0,1,1,2,3,0,2,1,2,0
2,39,1,9991,0,1,0,1,19,37,3,9,2,0,0,0,1,1,0,3,0,0,1,3,1,0,0,0,1,3,1,1,0,2,0,2,0
1,39,1,9003,1,1,2,1,37,37,9,4,3,0,0,0,1,1,0,3,0,0,2,3,1,1,0,0,2,3,1,0,0,2,0,2,0
1,42,1,9003,1,1,3,1,19,1,9,5,0,1,0,0,0,1,0,3,0,0,2,3,0,0,0,0,2,2,0,0,0,3,3,0,0
1,39,1,9500,1,1,1,1,1,1,4,10,0,0,0,0,1,1,0,2,0,0,3,3,0,0,0,0,3,1,0,0,0,2,0,2,0
1,1,1,171,1,1,0,1,3,3,2,2,1,1,0,0,1,1,0,0,0,0,0,0,0,0,0,0,0,0,0,0,0,3,0,1,0
1,39,1,9238,1,19,1,1,37,37,9,9,1,0,1,1,1,0,0,3,0,0,2,3,1,0,0,0,2,3,1,3,0,3,0,1,0
1,1,2,9773,1,1,0,1,38,38,7,7,0,1,0,1,0,0,0,1,0,0,1,0,0,0,0,0,1,0,0,0,0,0,1,3,0
1,17,1,9853,1,1,3,1,38,37,5,5,3,1,0,0,1,0,0,0,0,0,2,2,2,0,0,0,2,2,1,1,0,1,1,2,0
1,1,1,9130,1,1,3,1,5,5,2,2,3,0,0,0,1,0,0,0,0,0,1,3,1,2,2,0,1,1,1,3,0,0,0,0,0
1,1,1,9238,1,1,0,1,19,19,9,9,0,1,0,0,1,1,0,0,0,0,2,2,1,1,0,0,2,3,1,1,0,0,1,3,0
1,44,1,9853,1,39,3,1,3,37,2,7,3,0,0,0,1,0,0,0,0,0,2,0,0,0,0,0,2,0,0,0,0,2,1,2,0
1,17,1,9773,1,1,0,1,3,3,2,3,1,1,0,0,1,1,0,0,0,0,2,3,1,0,0,0,2,3,1,1,0,2,0,2,0
1,17,3,9119,1,1,2,1,1,19,4,3,1,1,0,0,1,1,1,0,0,0,1,2,1,1,0,0,1,2,1,2,0,0,1,3,0
6,17,3,8014,0,1,0,1,19,1,5,90,0,0,0,0,0,0,0,2,0,0,1,1,0,0,0,0,1,3,0,0,0,1,1,2,0
1,17,1,171,1,1,1,1,38,37,4,6,2,0,0,0,0,1,0,1,0,0,0,0,0,0,0,0,0,0,0,0,0,0,0,0,0
1,17,1,9003,1,1,1,1,37,3,5,2,0,0,0,0,1,1,0,0,0,0,2,3,2,3,0,0,2,3,1,2,0,2,0,2,0
1,17,4,9070,1,1,0,1,38,37,9,9,0,0,0,0,1,0,1,2,0,0,1,1,2,2,0,0,1,2,1,2,0,1,1,3,0
1,1,1,9670,1,1,1,1,38,38,9,9,2,1,0,0,1,1,1,0,0,0,2,1,3,2,0,0,2,1,3,2,0,2,0,2,0
1,44,1,9070,1,39,0,1,19,1,9,3,1,1,0,0,1,1,0,2,0,1,3,2,1,1,0,2,3,3,3,1,1,3,0,1,0
1,1,1,9670,1,1,0,1,19,37,9,9,0,0,0,0,1,1,0,0,0,0,2,2,1,2,0,0,2,1,1,2,0,2,1,2,0
1,1,3,9070,1,1,3,1,34,34,0,0,3,1,0,0,1,0,0,0,0,0,2,1,2,2,0,0,2,1,2,2,0,0,2,1,0
1,39,1,9085,1,1,1,1,1,19,9,9,3,1,0,0,1,0,0,2,0,0,1,3,1,0,0,0,1,1,0,0,0,0,1,3,0
1,5,4,9119,1,1,0,1,19,37,4,6,0,1,0,0,1,1,0,2,0,0,1,1,0,0,0,0,1,1,0,0,0,0,2,1,0
2,2,1,9147,1,2,0,1,37,37,9,9,1,0,0,0,0,1,0,3,0,3,3,3,3,1,0,3,3,3,3,2,0,0,0,0,0
2,39,1,9147,1,1,3,1,37,37,9,7,0,0,0,0,1,1,0,3,0,0,1,2,1,0,0,0,1,1,1,1,0,3,3,0,0
1,39,1,9991,0,3,0,1,19,1,9,5,2,0,0,0,1,0,0,2,0,0,1,3,1,0,0,0,1,3,1,2,3,3,0,1,0
1,17,1,171,1,1,0,1,3,12,2,9,0,1,0,1,1,1,0,0,0,0,0,0,0,0,0,0,0,0,0,0,0,1,1,2,0
1,17,1,171,1,1,3,1,37,19,5,9,2,1,0,0,1,0,0,2,0,0,0,0,0,0,0,0,0,0,0,0,0,1,1,3,0
1,1,1,9085,1,6,0,1,19,19,9,9,2,1,0,0,1,0,0,2,0,0,1,3,1,3,3,0,1,2,2,2,3,0,0,0,0
1,17,4,9773,1,1,0,1,38,19,9,9,1,0,0,0,1,0,0,0,0,0,2,2,1,1,0,0,2,0,0,0,0,3,3,0,0
1,1,1,9147,1,1,0,1,19,19,5,8,2,0,0,1,0,0,1,1,0,0,1,3,1,2,1,0,1,3,1,1,0,0,0,0,0
1,39,1,33,1,1,1,1,38,37,9,6,0,0,0,1,0,1,0,3,0,0,3,1,0,0,0,0,3,1,1,0,0,0,1,3,0
1,1,1,9238,1,1,0,1,1,1,5,5,2,0,0,0,1,1,0,1,0,0,2,3,1,3,0,0,2,1,0,0,0,3,0,1,0
1,17,4,9147,1,1,1,1,38,19,5,5,1,1,0,0,1,1,1,0,0,0,1,2,1,0,0,0,1,3,1,2,0,1,1,3,0
2,39,1,9238,1,42,3,1,19,38,8,8,3,0,0,0,1,1,0,3,0,0,2,1,0,0,0,0,1,1,0,0,0,0,1,3,0
1,1,1,9853,1,1,0,1,19,37,5,5,0,1,0,0,1,0,0,0,0,0,3,3,1,0,0,0,3,2,1,0,0,3,0,1,0
2,39,1,9085,1,12,1,1,1,39,5,3,3,1,0,1,0,0,0,3,0,0,2,2,0,0,0,0,2,1,0,0,0,2,0,2,0
1,15,1,9130,1,1,1,41,1,1,4,4,0,0,0,0,1,0,0,3,1,0,1,1,1,1,1,0,1,1,0,0,0,0,1,3,0
1,1,1,171,1,1,0,1,37,37,9,3,0,1,0,0,1,0,0,1,0,0,0,0,0,0,0,0,0,0,0,0,0,0,0,0,0
1,1,1,9238,1,1,1,1,19,38,9,7,2,1,0,1,1,0,0,0,0,0,2,2,2,3,0,0,2,2,2,1,0,0,1,3,0
2,39,1,9991,0,19,1,1,37,1,5,5,3,0,0,0,1,1,0,3,0,0,1,2,1,1,0,0,1,2,2,1,0,2,0,2,0
2,39,1,9991,0,1,0,1,37,37,1,1,3,0,0,0,1,1,0,3,0,0,1,1,0,0,0,0,1,1,0,0,0,3,0,1,0
2,39,1,9147,1,1,2,1,38,37,4,7,2,1,0,0,0,0,0,3,0,0,1,3,1,0,3,0,1,3,1,0,0,0,0,0,0
1,39,1,9991,0,1,0,1,37,37,7,7,2,0,0,0,1,0,0,3,0,0,1,2,2,1,0,0,1,1,2,3,0,1,1,2,0
1,43,1,9003,1,1,0,1,37,37,5,9,1,1,0,0,1,1,0,3,0,0,2,2,0,0,0,1,2,2,1,1,0,3,0,1,0
2,39,1,9147,1,1,2,1,37,37,9,9,2,1,0,0,1,0,0,3,0,0,1,2,1,0,0,0,1,2,1,1,0,0,2,1,0
1,7,1,9085,1,3,1,1,1,19,9,10,2,0,0,0,1,0,0,3,0,0,2,0,0,0,0,0,2,0,0,0,0,3,3,0,0
1,1,1,9670,1,1,3,1,38,19,7,10,2,0,0,0,1,0,0,2,0,0,1,3,2,1,0,0,1,2,1,2,0,1,1,3,0
1,39,1,9003,1,1,1,1,38,38,4,7,0,1,0,0,0,0,0,3,0,0,2,2,0,0,0,0,2,2,0,0,0,3,3,0,0
1,17,1,9254,1,1,2,1,19,1,9,4,1,1,0,0,1,0,0,0,0,0,2,3,1,1,0,0,2,3,1,1,0,0,2,1,0
1,1,1,9070,1,1,1,1,1,37,5,9,3,1,0,1,1,0,0,2,0,0,2,2,2,1,0,0,2,2,2,1,0,2,3,0,0
2,39,1,9070,1,12,0,1,37,38,5,10,2,0,0,1,0,1,1,3,0,0,2,1,0,0,0,0,2,1,0,0,0,3,3,0,0
1,43,2,9147,1,1,1,1,1,19,3,3,0,1,0,0,1,1,0,2,0,0,1,3,0,0,0,0,1,1,1,0,1,3,0,1,0
1,17,1,9238,1,1,2,1,1,38,5,8,1,0,0,0,0,0,1,0,0,0,2,3,3,2,0,0,2,1,1,1,0,2,3,0,0
1,17,2,9670,1,1,1,1,19,19,5,4,2,0,0,0,1,0,1,0,0,0,2,1,2,1,0,0,2,3,2,2,0,1,1,2,0
1,1,1,9130,1,1,0,1,3,19,2,9,0,1,0,0,1,1,0,0,0,0,2,2,2,3,0,0,2,1,2,2,0,3,3,0,0
1,17,2,9119,1,1,2,1,12,19,5,5,1,0,0,0,1,1,0,0,0,0,1,0,0,0,0,0,1,0,0,0,0,2,1,2,0
1,39,1,9556,1,19,1,1,19,1,7,10,0,0,0,0,1,1,0,2,0,0,3,3,1,2,1,0,3,3,1,2,1,3,3,0,0
1,18,3,9773,1,1,1,1,19,1,9,9,1,1,0,0,1,1,0,0,0,0,1,2,1,2,0,0,1,1,2,1,0,1,1,2,0
1,53,1,9238,1,42,1,1,1,19,5,5,2,0,0,1,0,0,0,2,0,2,3,3,3,3,0,2,3,3,1,2,0,0,1,3,0
1,1,5,9773,1,1,1,1,34,38,0,8,2,1,0,0,0,0,1,0,0,0,2,3,1,1,0,0,2,3,1,0,0,0,2,1,0
1,1,1,9773,1,1,2,1,37,19,9,10,3,1,0,0,1,0,0,0,0,0,3,3,1,2,0,0,3,3,1,3,0,0,0,0,0
1,18,4,9254,1,1,0,1,37,37,9,9,0,1,0,0,0,1,0,2,0,0,1,1,0,0,0,0,1,1,0,0,0,3,3,0,0
1,44,1,9070,1,39,0,1,1,19,5,8,1,0,0,0,1,1,0,2,0,1,3,1,1,1,0,2,3,3,3,1,0,2,1,2,0
1,17,1,9119,1,1,0,1,19,37,90,5,0,1,0,0,1,1,0,2,0,0,1,3,1,0,0,0,1,2,1,3,3,0,2,1,0
1,1,1,171,1,1,3,1,19,19,5,10,3,1,0,0,1,1,0,0,0,0,0,0,0,0,0,0,0,0,0,0,0,3,3,0,0
1,1,1,9147,1,1,3,1,1,38,4,7,3,1,0,0,1,1,0,0,0,0,1,3,1,0,1,0,1,3,1,2,0,0,0,0,0
1,17,1,9147,1,1,0,1,19,37,5,7,0,1,0,0,0,1,0,0,0,0,1,1,1,2,0,0,1,3,1,1,0,0,0,0,0
1,39,1,9147,1,12,1,1,37,37,9,9,3,0,0,0,1,1,0,3,0,0,1,0,0,0,0,0,1,0,0,0,0,0,0,0,0
1,17,4,9119,1,1,2,1,1,3,1,4,2,1,0,0,1,1,0,0,0,0,1,1,2,3,0,0,1,1,2,3,0,0,1,3,0
1,17,6,9147,1,1,1,1,37,37,9,9,0,1,0,0,1,1,0,2,0,3,3,3,3,0,0,3,3,3,3,1,0,0,2,1,0
1,39,1,9003,1,1,2,41,1,1,9,9,0,0,0,1,0,0,0,3,1,2,3,2,1,3,0,1,3,2,1,3,0,3,3,0,0
1,44,1,9991,0,39,1,1,37,37,5,5,2,1,0,0,1,1,0,3,0,1,2,2,1,2,0,2,3,1,1,1,0,0,0,0,0
4,39,1,9853,1,1,3,1,37,1,9,10,3,0,0,1,0,0,0,3,0,0,3,2,2,2,0,0,3,2,1,2,0,0,1,3,0
2,43,1,8014,0,14,1,1,34,34,0,0,0,0,0,0,0,0,0,3,0,2,3,3,1,1,0,2,3,3,1,2,2,0,0,0,0
4,39,1,9500,1,19,1,1,37,37,6,6,0,0,0,1,0,0,0,3,0,0,3,3,1,2,0,0,3,3,1,1,0,1,1,3,0
1,1,1,9147,1,1,1,1,38,38,2,9,1,0,0,0,1,0,0,0,0,0,1,3,1,0,0,0,1,1,0,0,0,2,0,2,0
1,17,1,9853,1,1,2,1,3,3,2,2,2,1,0,0,0,0,0,3,0,0,2,2,2,3,0,0,2,2,2,3,0,2,3,0,0
1,43,1,8014,0,6,1,1,34,34,0,0,0,0,0,1,1,0,0,3,0,1,2,2,1,1,0,1,2,3,1,0,0,0,2,1,0
1,17,6,9556,1,1,0,1,1,1,4,5,0,1,0,0,1,0,0,0,0,0,3,3,1,1,0,0,3,0,0,0,0,2,0,2,0
1,17,1,9991,0,1,0,1,38,3,9,3,0,1,0,1,0,0,0,3,0,0,1,1,0,0,0,0,1,1,0,0,0,1,1,2,0
1,1,1,9147,1,1,1,1,38,37,9,9,1,1,0,0,1,1,0,2,0,0,1,2,0,0,0,0,1,1,1,1,0,0,2,1,0
1,1,1,9254,1,1,1,1,38,19,3,3,0,0,0,0,1,0,0,2,0,0,2,3,1,0,0,0,2,3,0,0,0,2,3,0,0
1,39,1,9991,0,1,1,1,38,37,9,9,3,0,0,0,1,1,0,3,0,0,1,0,0,0,0,0,1,0,0,0,0,1,1,2,0
1,39,1,9670,1,1,1,1,38,19,9,8,1,0,0,1,0,1,0,2,0,0,2,1,1,3,0,0,2,2,1,3,0,2,0,2,0
2,39,1,9003,1,1,1,1,1,19,4,4,1,0,0,1,0,1,0,2,0,0,2,3,1,3,2,0,2,3,0,0,1,3,3,0,0
2,39,1,9556,1,1,0,1,37,37,9,4,3,0,0,0,0,0,0,3,0,0,3,3,2,0,0,0,3,3,1,1,0,2,3,0,0
1,7,1,8014,0,40,1,1,19,1,5,10,2,1,0,1,0,0,0,2,0,3,3,3,3,3,0,2,3,3,3,3,0,2,0,2,0
1,39,1,9085,1,43,3,1,3,39,2,3,3,0,0,0,1,0,0,3,0,0,1,0,0,0,0,0,1,0,0,0,0,0,1,3,0
1,1,2,9773,1,1,1,109,19,1,9,9,2,1,0,0,1,0,1,0,1,0,2,2,2,2,0,0,2,1,2,2,0,1,1,3,0
1,44,1,9130,1,39,0,1,3,1,2,4,1,1,0,0,1,0,0,1,0,0,2,1,0,0,0,0,2,1,0,0,0,2,1,2,0
2,39,1,8014,0,1,0,1,34,34,0,0,0,0,0,0,1,0,0,3,0,0,2,2,1,2,0,0,2,3,2,2,0,0,2,1,0
1,39,1,9991,0,1,1,1,37,37,9,5,3,1,0,1,1,1,0,3,0,0,1,3,1,2,0,0,1,2,1,1,1,2,3,0,0
1,44,1,9147,1,39,1,22,2,37,2,8,2,0,0,1,0,1,0,2,1,0,1,1,0,0,0,0,1,1,0,0,0,3,3,0,0
1,42,1,9853,1,12,1,1,1,3,3,2,2,0,0,0,1,0,0,3,0,3,3,3,3,2,3,3,3,3,3,3,0,3,0,1,0
1,44,1,9130,1,39,3,1,3,1,2,8,3,0,0,0,0,1,0,2,0,0,1,1,0,0,0,0,1,1,0,0,0,2,3,0,0
1,17,2,9773,1,1,2,1,3,1,2,7,1,1,0,0,1,0,1,1,0,0,2,1,2,3,0,0,2,1,2,3,0,3,3,0,0
1,17,4,171,1,1,3,1,3,1,2,10,3,1,0,0,1,1,0,0,0,0,0,0,0,0,0,0,0,0,0,0,0,0,0,0,0
1,17,4,9254,1,1,0,1,38,37,5,7,0,1,0,0,1,1,0,0,0,0,1,3,1,1,0,0,1,3,1,1,0,2,1,2,0
1,1,1,9670,1,1,1,1,1,1,90,90,1,1,0,1,1,1,0,1,0,0,2,3,1,1,1,0,2,0,0,0,0,1,1,2,0
2,39,1,9500,1,1,2,1,19,19,9,7,0,0,0,0,1,0,0,3,0,0,3,0,0,0,0,0,3,0,0,0,0,2,3,0,0
1,44,1,9003,1,1,2,1,1,19,3,9,3,1,0,1,0,0,0,2,0,0,2,3,2,1,0,0,2,3,1,2,0,2,1,2,0
1,42,1,9003,1,1,1,1,3,2,2,6,0,0,0,0,0,1,0,3,0,0,2,2,0,0,0,0,2,3,0,0,0,3,0,1,0
1,51,1,9119,1,1,2,1,1,19,4,4,3,0,0,0,1,1,0,2,0,0,1,1,1,2,0,0,1,3,1,0,0,0,1,3,0
1,42,1,9119,1,1,3,1,34,34,0,0,1,0,0,0,1,1,0,0,0,0,1,1,1,0,0,0,1,1,1,1,0,1,1,2,0
1,7,1,9070,1,3,2,1,37,2,9,3,3,0,0,0,0,0,0,2,0,0,1,1,1,0,0,0,2,0,0,0,0,1,1,2,0
1,1,1,9773,1,1,0,1,3,2,2,1,1,1,0,0,1,0,0,2,0,0,2,3,1,1,0,0,2,3,1,0,0,0,0,0,0
1,44,1,9003,1,39,3,1,3,19,2,6,3,0,0,0,1,1,0,1,0,0,2,1,0,0,0,0,2,2,0,0,0,3,3,0,0
1,1,1,9238,1,1,0,1,38,38,9,8,0,1,0,0,1,1,0,0,0,0,2,2,2,0,0,0,2,3,0,0,0,1,1,3,0
1,17,6,9119,1,1,0,1,19,3,5,10,0,1,0,0,1,1,0,0,0,0,1,3,1,0,0,0,1,3,1,1,0,2,1,2,0
1,39,2,9119,1,1,0,1,37,37,5,5,2,0,0,0,1,1,0,3,0,0,1,1,0,0,0,0,1,1,0,0,0,0,2,1,0
1,1,4,9670,1,1,1,1,1,1,7,7,0,1,0,0,1,0,0,1,0,0,2,1,0,0,0,0,2,1,0,0,0,3,0,1,0
1,17,5,9500,1,1,3,1,1,19,4,8,2,1,0,0,1,0,0,0,0,0,3,0,0,0,0,0,3,0,0,0,0,2,1,2,0
5,39,1,9003,1,19,1,1,19,1,9,9,1,0,0,1,0,0,0,3,0,0,2,1,0,0,0,0,2,1,0,0,0,0,1,3,0
1,43,1,8014,0,1,0,1,37,37,0,6,2,0,0,0,0,0,0,3,0,0,2,1,0,0,3,0,2,3,0,0,0,0,0,0,0
1,44,1,9070,1,39,0,1,37,1,9,7,1,0,0,0,1,1,0,1,0,1,3,2,2,2,0,3,3,3,3,2,1,3,0,1,0
1,39,1,9670,1,1,1,1,37,37,90,90,0,0,0,1,0,1,0,3,0,0,2,2,1,3,0,0,2,1,0,0,0,2,3,0,0
1,43,1,9130,1,1,3,1,19,1,9,4,3,0,0,1,0,1,0,2,0,0,2,3,2,1,0,0,2,3,1,1,0,3,3,0,0
1,1,4,9773,1,1,3,1,1,3,4,7,2,1,0,0,1,0,0,1,0,0,1,1,0,0,0,0,2,0,0,0,0,0,1,3,0
2,39,1,9991,0,3,1,1,3,1,1,10,3,0,0,0,1,0,0,3,0,0,1,1,2,3,0,0,1,1,2,3,0,2,3,0,0
1,1,5,9670,1,1,1,1,9,1,2,4,2,1,0,0,1,0,0,0,0,0,1,0,0,0,0,0,1,0,0,0,0,0,2,1,0
1,1,1,9670,1,1,1,1,34,38,0,4,3,0,0,0,1,0,0,2,0,0,1,1,1,2,0,0,1,1,0,0,0,0,0,0,0
1,7,1,9003,1,3,2,1,39,39,9,4,3,0,0,0,1,1,0,3,0,1,2,2,1,3,0,1,2,2,1,2,0,3,3,0,0
1,43,1,9003,1,1,1,1,37,1,5,4,2,0,0,0,1,1,0,2,0,3,3,3,3,2,3,3,3,3,3,1,0,3,3,0,0
2,39,1,9853,1,10,1,1,37,34,0,0,0,0,0,0,1,0,0,3,0,0,1,3,1,2,0,0,1,3,0,0,1,0,2,1,0
1,1,2,9670,1,1,0,1,19,1,9,4,0,1,0,1,1,1,0,1,0,0,1,1,1,1,0,0,1,1,2,1,0,0,0,0,0
1,39,1,9991,0,1,1,1,1,38,4,9,0,0,0,0,1,1,0,2,0,0,1,1,0,0,0,0,1,2,0,0,0,3,0,1,0
1,17,3,9670,1,1,0,1,19,1,4,4,0,1,0,0,1,0,1,0,0,0,2,3,1,1,0,0,2,3,1,1,0,2,3,0,0
1,17,1,171,1,1,1,1,1,37,4,9,2,0,0,0,0,1,0,2,0,0,0,0,0,0,0,0,0,0,0,0,0,0,2,1,0
1,43,1,9991,0,2,0,1,37,37,9,9,0,0,0,0,1,0,0,3,0,3,3,3,3,0,0,3,3,3,3,1,0,0,0,0,0
1,39,1,9991,0,1,0,1,37,37,7,10,3,0,0,0,0,0,0,3,0,0,1,1,1,0,0,0,1,1,0,0,0,3,3,0,0
1,1,1,9238,1,1,0,1,34,38,0,7,1,1,0,0,1,0,0,1,0,0,3,3,2,1,0,0,3,3,1,1,0,0,2,1,0
2,1,1,9147,1,1,3,1,38,37,9,8,2,1,0,0,1,0,0,3,0,0,1,1,1,0,0,0,1,1,1,1,0,0,2,1,0
2,39,2,9147,1,1,3,1,19,37,9,7,0,0,0,1,0,0,0,3,0,0,1,2,1,0,0,0,1,3,1,3,0,1,1,2,0
1,18,2,9853,1,1,0,1,19,37,9,4,0,1,0,1,0,0,0,0,0,0,3,3,2,1,0,0,3,3,0,0,0,2,1,2,0
1,17,2,9773,1,1,1,1,37,38,5,5,2,1,0,1,0,0,0,0,0,0,1,2,1,1,0,0,1,2,1,1,0,1,1,2,0
1,1,2,9500,1,1,1,1,1,37,4,4,1,1,0,0,1,0,1,0,0,0,3,1,3,2,0,0,3,2,3,2,0,1,1,3,0
2,39,1,9991,0,1,1,1,37,37,9,9,2,0,0,1,0,1,0,3,0,0,1,2,0,0,0,0,1,3,0,0,0,2,1,2,0
1,1,1,9500,1,1,3,1,1,1,90,3,2,0,0,0,1,0,1,0,0,0,3,1,0,0,2,0,3,1,0,0,2,0,2,1,0
1,44,1,9003,1,39,0,1,1,19,4,7,1,0,0,0,1,1,0,2,0,1,2,1,1,0,0,0,2,2,0,0,0,3,3,0,0
2,39,1,9500,1,19,1,1,37,38,9,10,1,1,0,0,1,0,0,3,0,0,3,3,1,1,0,0,3,3,1,2,0,1,1,3,0
2,39,1,9147,1,1,1,1,1,19,9,9,0,0,0,0,0,0,0,3,0,0,1,1,0,0,0,0,1,0,0,0,0,2,3,0,0
1,17,1,9853,1,1,0,1,19,1,5,5,0,0,0,0,1,0,0,1,0,0,2,0,0,0,0,0,2,0,0,0,0,3,3,0,0
1,43,1,9991,0,3,1,1,3,1,2,9,2,0,0,0,1,1,0,3,0,0,1,1,0,0,0,0,1,1,0,0,0,2,3,0,0
1,39,1,9003,1,1,1,1,3,1,2,4,3,0,0,1,0,1,0,3,0,0,2,2,2,3,0,0,2,3,1,3,0,0,1,3,0
1,39,1,9991,0,1,0,1,37,37,9,9,1,1,0,0,0,1,0,2,0,0,1,1,0,0,0,0,1,1,0,0,0,0,0,0,0
2,43,2,9147,1,1,3,1,37,37,9,9,0,0,0,0,0,0,0,3,0,2,1,2,1,2,0,0,1,2,0,0,0,1,1,2,0
1,44,1,9003,1,39,1,1,1,3,9,2,2,1,0,1,0,1,0,2,0,0,3,3,1,1,0,0,3,2,1,2,0,2,0,2,0
1,44,1,9003,1,39,2,1,19,19,9,4,3,0,0,0,1,0,0,2,0,0,2,3,1,0,3,0,2,3,1,1,0,3,3,0,0
1,18,1,9773,1,1,3,1,38,38,6,7,3,1,0,0,1,1,1,0,0,0,2,1,1,0,0,0,2,0,0,0,0,0,1,3,0
1,1,1,9238,1,1,1,1,12,38,4,9,0,1,0,0,1,0,0,0,0,0,2,3,2,0,0,0,2,3,2,1,0,1,1,3,0
1,17,4,9670,1,1,0,1,1,1,4,90,1,1,0,0,1,1,0,0,0,0,1,1,1,2,0,0,1,1,1,1,0,0,2,1,0
1,18,1,9130,1,1,3,1,3,3,5,2,3,0,0,0,1,1,0,0,0,0,2,3,2,3,0,0,2,3,1,2,0,2,0,2,0
1,39,1,9991,0,1,0,1,1,1,5,5,0,1,0,0,0,1,0,3,0,0,1,1,0,0,0,0,1,1,0,0,0,0,1,3,0
1,39,1,9991,0,9,1,1,37,34,90,90,1,1,0,0,1,0,0,3,0,0,1,2,0,0,0,0,1,1,1,2,0,0,2,1,0
1,39,1,9003,1,19,1,1,37,37,9,10,1,0,0,1,0,1,0,3,0,0,2,2,0,0,0,0,2,3,0,0,0,3,0,1,0
1,17,4,9853,1,1,3,1,37,37,9,5,2,1,0,0,1,0,0,0,0,0,2,1,2,1,0,0,2,1,2,1,0,1,1,2,0
1,39,1,9003,1,1,1,1,19,37,9,7,0,1,0,0,1,1,0,3,0,0,2,2,0,0,0,0,2,3,0,0,0,3,0,1,0
1,44,1,9085,1,1,3,1,29,10,6,6,3,1,0,0,1,0,0,2,0,0,2,0,0,0,0,0,2,0,0,0,0,1,1,2,0
1,39,1,8014,0,1,1,1,37,11,9,7,0,0,0,1,0,1,0,3,0,0,1,1,0,0,0,0,1,1,0,0,0,2,1,2,0
1,1,1,9254,1,1,0,1,38,38,4,7,0,0,0,0,1,0,0,0,0,0,2,0,0,0,0,0,2,0,0,0,0,1,1,3,0
1,1,5,9130,1,1,3,1,3,1,2,9,3,1,0,0,1,0,0,0,0,0,1,3,1,2,0,0,1,2,1,2,0,2,3,0,0
6,39,2,9147,1,1,1,1,37,37,9,9,0,0,0,0,1,0,0,3,0,0,1,0,0,0,0,0,1,0,0,0,0,0,0,0,0
1,39,1,9500,1,19,1,1,37,37,9,6,1,0,0,0,0,0,1,3,0,0,3,3,1,1,0,0,3,2,1,0,0,3,0,1,0
1,1,1,9238,1,1,3,1,37,37,0,0,3,1,0,0,1,0,0,3,0,0,2,3,1,0,0,0,2,3,1,1,0,0,2,1,0
1,1,1,171,1,1,3,1,3,1,4,4,3,1,0,1,0,0,0,0,0,0,0,0,0,0,0,0,0,0,0,0,0,2,1,2,0
1,17,3,9853,1,1,1,1,34,34,0,0,0,0,0,0,1,0,0,0,0,0,3,3,1,0,0,0,3,3,0,0,0,0,2,1,0
1,39,1,9254,1,19,1,1,38,37,4,5,0,0,0,1,0,1,0,2,0,0,2,1,0,0,0,0,2,1,0,0,0,3,0,1,0
1,17,1,9556,1,1,2,1,3,3,1,7,2,1,0,0,1,1,0,0,0,0,3,0,0,0,0,0,3,0,0,0,0,1,1,3,0
1,39,1,9003,1,1,1,1,37,37,6,6,0,0,0,1,0,1,0,3,0,2,3,3,3,1,0,2,3,3,2,1,2,3,3,0,0
1,17,1,9130,1,1,0,1,19,19,9,9,1,1,0,0,0,0,0,2,0,0,2,0,0,0,0,0,1,1,0,0,2,0,0,0,0
1,39,1,9003,1,1,0,1,1,3,9,10,1,0,0,1,0,1,0,3,0,1,3,3,1,1,3,0,2,3,0,0,1,3,3,0,0
4,39,1,9991,0,1,1,1,37,37,5,5,3,0,0,0,1,0,0,3,0,0,1,2,1,0,0,0,1,1,1,1,0,1,1,2,0
1,44,1,9119,1,39,3,1,19,37,9,9,3,1,0,1,1,1,0,1,0,0,1,1,2,3,0,0,1,2,2,3,0,2,1,2,0
1,39,1,9991,0,1,3,1,3,5,2,2,3,0,0,1,1,1,0,3,0,1,1,2,1,0,0,0,1,3,1,3,0,2,3,0,0
1,18,2,9773,1,1,0,1,1,1,4,4,0,1,0,0,0,0,0,1,0,0,2,1,0,0,0,0,2,0,0,0,0,0,1,3,0
1,18,1,9070,1,1,0,1,1,37,4,7,2,1,0,0,1,1,0,1,0,0,2,1,0,0,0,0,2,1,0,0,0,0,0,0,0
1,17,1,9670,1,1,1,1,3,3,1,1,1,0,0,0,1,1,0,0,0,0,2,0,0,0,0,0,2,0,0,0,0,3,3,0,0
1,7,1,9853,1,3,2,1,34,34,0,0,3,1,0,0,0,0,0,2,0,0,2,3,0,0,0,0,1,3,0,0,0,0,0,0,0
1,39,1,9991,0,19,1,1,19,37,7,5,3,1,0,1,0,1,0,3,0,0,1,1,1,0,0,0,1,1,1,3,0,1,1,2,0
1,1,1,9853,1,1,3,1,37,19,9,8,3,0,0,1,1,0,0,0,0,0,2,3,2,2,0,0,2,3,1,1,0,2,3,0,0
1,1,1,171,1,1,3,1,3,37,9,9,3,1,0,0,1,0,0,0,0,0,0,0,0,0,0,0,0,0,0,0,0,3,0,1,0
1,43,1,9500,1,1,0,1,3,4,2,4,1,0,0,0,1,1,0,0,0,0,3,3,1,2,0,0,3,3,1,0,0,3,0,1,0
1,17,1,9147,1,1,1,1,1,19,4,8,0,0,0,0,1,1,0,1,0,0,1,3,0,0,0,0,1,1,0,0,0,1,1,3,0
2,43,1,8014,0,1,1,1,34,34,0,0,2,0,0,0,1,0,0,3,0,3,3,3,3,2,3,2,3,2,2,1,0,0,0,0,0
2,39,1,9773,1,1,0,1,37,37,9,9,2,0,0,0,1,1,0,3,0,0,3,2,2,1,0,0,3,3,3,1,0,2,3,0,0
5,39,1,9500,1,1,0,1,38,38,9,9,0,0,0,0,0,0,0,3,0,0,3,2,0,0,1,0,3,2,0,0,1,2,3,0,0
1,51,1,9070,1,1,0,1,38,38,9,9,2,1,0,0,1,1,0,2,0,2,3,3,2,2,0,2,3,3,1,3,0,0,1,3,0
1,17,5,9853,1,1,2,1,19,38,4,8,1,1,0,0,1,0,1,0,0,0,2,2,2,1,0,0,2,2,1,1,0,1,1,2,0
1,43,1,9130,1,6,1,1,1,29,4,90,1,1,0,0,1,0,1,2,0,0,1,2,0,0,0,0,1,1,0,0,0,0,2,1,0
1,17,1,9119,1,1,0,1,19,1,5,4,1,1,0,0,1,1,0,1,0,0,1,2,2,3,0,0,1,2,2,3,0,1,1,3,0
1,44,1,9130,1,39,0,1,37,37,7,8,1,1,0,1,0,0,0,0,0,1,1,1,1,1,0,1,1,3,1,1,0,2,1,2,0
2,39,1,8014,0,19,1,1,1,1,4,4,2,0,0,0,1,1,0,2,0,0,2,3,1,0,0,0,1,1,0,0,0,3,0,1,0
4,27,1,9070,1,2,1,1,34,34,0,0,2,0,0,0,1,0,0,3,0,3,3,3,3,2,0,3,3,3,3,2,0,0,2,1,0
1,39,1,9085,1,1,1,1,37,37,9,9,1,0,0,0,0,0,0,3,0,0,2,0,0,0,0,0,2,0,0,0,0,1,1,3,0
1,1,3,9773,1,1,2,1,1,19,9,9,3,1,0,0,1,0,1,1,0,0,2,1,3,2,0,0,2,1,3,2,0,2,1,2,0
1,18,1,9085,1,1,3,1,37,37,9,9,3,1,0,0,1,0,1,2,0,0,2,2,3,3,0,0,2,1,1,3,0,0,1,3,0
1,39,1,9500,1,1,0,1,19,1,1,90,0,1,0,1,0,0,0,3,0,0,3,2,2,2,0,0,3,2,2,2,0,0,2,1,0
1,39,1,9119,1,1,0,1,37,37,90,90,0,1,0,0,1,0,0,3,0,0,1,1,0,0,0,0,1,1,0,0,0,1,1,2,0
1,1,3,9500,1,1,3,1,1,19,4,5,3,1,0,1,1,0,0,0,0,0,3,0,0,0,0,0,3,0,0,0,0,2,0,2,0
1,39,1,9853,1,19,1,1,19,4,9,4,0,1,0,0,1,0,0,3,0,0,3,3,0,0,0,0,2,1,0,0,0,1,1,3,0
2,39,1,9556,1,19,1,1,38,37,7,7,0,1,0,1,0,0,1,3,0,0,3,3,1,3,0,0,3,3,0,0,0,0,1,3,0
1,1,6,9773,1,1,1,1,1,37,3,3,0,1,0,1,0,0,0,1,0,0,1,1,0,0,0,0,1,1,0,0,0,2,1,2,0
1,17,3,9085,1,1,0,1,37,38,9,9,0,0,0,0,1,0,0,1,0,0,2,0,0,0,0,0,2,0,0,0,0,1,1,3,0
1,1,1,9238,1,1,1,1,34,37,5,5,1,0,0,0,0,0,0,2,0,0,2,3,1,1,0,0,2,3,1,2,0,0,0,0,0
1,17,1,171,1,1,1,1,1,1,4,10,2,0,0,0,0,1,0,0,0,0,0,0,0,0,0,0,0,0,0,0,0,1,1,2,0
1,39,1,9003,1,12,1,1,19,1,9,1,2,0,0,0,1,1,0,3,0,0,2,3,0,0,3,0,2,2,0,0,0,3,3,0,0
1,18,1,9147,1,1,1,1,34,34,90,90,2,0,0,0,1,1,0,2,0,0,1,3,1,3,0,0,1,3,1,1,0,0,0,0,0
1,17,1,9500,1,1,3,1,1,1,4,10,2,0,0,0,1,0,0,0,0,0,3,2,3,3,0,0,3,2,3,3,0,2,0,2,0
1,1,2,9670,1,1,0,1,1,1,9,9,0,1,0,0,1,1,1,0,0,0,1,1,1,1,0,0,1,1,2,1,0,0,0,0,0
1,39,1,9254,1,1,1,1,37,37,9,6,1,0,0,0,1,1,0,3,0,0,2,2,2,3,0,0,2,3,2,3,0,3,0,1,0
4,7,1,9500,1,40,1,1,19,19,4,6,2,0,0,0,0,0,0,3,0,1,3,3,2,2,0,2,3,3,1,3,0,2,1,2,0
1,18,2,9147,1,1,2,1,37,37,5,9,1,1,0,0,1,1,0,1,0,0,1,2,1,0,0,0,1,3,1,0,0,1,1,2,0
1,1,1,171,1,1,1,1,1,1,4,3,2,1,0,1,1,1,0,2,0,0,0,0,0,0,0,0,0,0,0,0,0,3,0,1,0
1,43,1,9991,0,12,1,1,12,12,9,9,1,0,0,0,1,1,0,3,0,3,3,3,3,0,0,3,3,3,2,0,0,1,1,2,0
1,17,2,9238,1,1,2,1,1,3,3,4,2,1,0,0,1,0,0,0,0,0,2,1,2,3,0,0,2,1,2,3,0,1,1,3,0
1,43,1,9991,0,1,0,1,37,19,9,9,0,0,0,0,0,1,0,3,0,0,1,1,0,0,0,0,1,1,0,0,0,2,3,0,0
1,1,1,171,1,1,2,1,19,37,5,6,3,1,0,1,0,0,0,0,0,0,0,0,0,0,0,0,0,0,0,0,0,0,1,3,0
1,1,1,171,1,1,3,1,38,19,7,10,2,0,0,0,1,0,0,1,0,0,0,0,0,0,0,0,0,0,0,0,0,3,3,0,0
1,1,1,9773,1,1,3,1,1,38,8,8,3,1,0,0,1,0,1,0,0,0,2,1,3,3,0,0,2,1,3,3,0,1,1,3,0
1,39,1,33,1,1,0,41,38,37,9,8,0,0,0,1,0,1,0,3,1,0,3,3,1,1,0,0,3,1,0,0,0,3,0,1,0
1,17,4,9254,1,1,0,1,1,1,4,4,1,1,0,0,1,0,0,0,0,0,2,1,3,1,0,0,2,1,3,2,0,2,0,2,0
1,39,1,8014,0,1,1,1,37,37,9,8,1,0,0,1,0,0,0,3,0,1,3,3,1,1,3,2,3,2,1,1,2,0,1,3,0
1,17,1,9147,1,1,1,1,19,19,9,7,0,0,0,0,1,1,0,2,0,0,1,1,1,0,0,0,1,3,1,1,3,3,0,1,0
1,1,1,9670,1,1,1,1,3,1,1,7,3,0,0,0,1,0,0,2,0,0,1,1,1,1,0,0,1,1,0,0,0,0,0,0,0
1,39,1,9003,1,1,1,1,12,12,9,9,1,0,0,0,1,1,0,2,0,0,3,2,0,0,0,0,3,3,0,0,0,2,1,2,0
2,39,1,8014,0,19,1,1,19,37,6,8,3,0,0,0,1,1,0,3,0,0,2,1,0,0,0,0,1,1,0,0,0,2,1,2,0
1,1,4,9500,1,1,0,1,3,3,2,2,0,1,0,1,0,0,0,0,0,0,3,3,1,1,0,0,3,1,0,0,0,2,0,2,0
1,1,1,9853,1,1,3,1,19,19,4,5,3,0,0,0,1,0,1,0,0,0,3,2,2,2,0,0,2,1,0,0,0,2,0,2,0
4,39,1,8014,0,1,1,1,37,37,9,7,3,0,0,0,1,0,1,3,0,0,2,1,0,0,0,0,1,1,0,0,0,0,1,3,0
1,39,1,9991,0,40,1,1,19,1,3,4,3,1,0,0,1,0,0,3,0,0,1,0,0,0,0,0,1,0,0,0,0,0,1,3,0
1,39,2,9556,1,1,1,1,3,1,2,4,3,0,0,0,1,1,0,3,0,0,3,1,1,1,0,0,1,3,0,0,0,2,1,2,0
1,44,1,9003,1,39,2,1,1,38,1,9,3,0,0,0,1,1,0,2,0,0,2,3,1,1,0,0,2,3,1,1,0,3,3,0,0
2,39,1,9147,1,1,1,1,37,37,9,9,3,0,0,0,0,0,0,3,0,0,1,2,1,2,1,0,1,2,2,1,0,0,0,0,0
1,1,3,9670,1,1,2,1,14,11,0,0,2,1,0,0,0,1,0,0,0,0,1,1,0,0,0,0,1,1,0,0,0,0,2,1,0
1,17,2,9500,1,1,1,1,38,1,5,7,1,1,0,0,1,0,1,1,0,0,3,2,2,3,0,0,3,2,3,3,0,3,0,1,0
1,39,1,9147,1,12,1,1,19,37,7,9,1,0,0,0,1,0,0,3,0,0,1,2,1,2,3,0,1,2,1,2,0,1,1,2,0
2,43,1,9991,0,1,1,1,37,37,9,9,2,0,0,0,1,0,0,3,0,2,3,2,1,0,0,1,3,1,1,0,0,0,0,0,0
1,17,2,9254,1,1,0,1,19,19,5,5,0,1,0,1,1,0,0,0,0,0,2,3,2,1,0,0,2,2,2,1,0,3,0,1,0
1,39,1,9254,1,9,1,1,34,34,0,0,0,1,0,0,0,0,0,3,0,0,1,3,0,0,0,0,1,3,0,0,0,0,2,1,0
2,1,1,9003,1,1,0,1,37,37,9,9,1,1,0,1,1,1,0,3,0,3,3,3,3,0,2,3,3,3,3,0,0,3,3,0,0
1,7,1,171,1,3,1,1,1,2,9,2,2,0,0,0,0,1,0,0,0,0,0,0,0,0,0,0,0,0,0,0,0,0,0,0,0
1,17,4,9773,1,1,2,1,1,1,5,5,1,0,0,1,1,1,0,1,0,0,2,1,2,1,0,0,2,1,2,2,0,2,3,0,0
4,43,1,9853,1,1,1,100,19,22,90,90,0,0,0,0,1,0,0,3,1,0,3,1,3,1,0,0,3,3,1,1,0,0,2,1,0
1,18,2,9119,1,1,2,1,1,2,5,4,1,1,0,0,1,1,0,0,0,0,1,1,1,2,0,0,1,2,1,2,0,2,0,2,0
1,17,2,9254,1,1,0,1,37,37,9,8,1,1,0,1,0,0,0,1,0,0,1,2,1,1,0,0,1,1,2,2,0,1,1,3,0
2,39,2,9119,1,19,1,1,37,37,7,7,1,0,0,0,0,1,0,3,0,0,1,3,0,0,0,0,1,1,0,0,0,0,0,0,0
1,1,1,9773,1,1,1,1,19,37,9,3,1,1,0,0,1,0,0,1,0,0,1,1,1,2,0,0,1,1,0,0,0,3,3,0,0
1,39,1,9147,1,19,0,1,38,19,7,9,2,0,0,1,0,1,0,3,0,0,1,2,1,0,0,0,1,3,0,0,0,1,1,2,0
1,17,2,9853,1,1,0,1,37,37,9,9,0,1,0,0,1,0,0,2,0,0,1,3,1,1,0,0,1,3,1,0,0,0,2,1,0
1,17,3,9670,1,1,3,1,37,37,8,8,2,0,0,1,1,0,0,0,0,0,1,1,1,0,0,0,1,1,0,0,0,0,0,0,0
1,1,1,9670,1,1,0,1,37,38,9,9,0,1,0,1,0,0,0,0,0,0,2,2,1,1,0,0,2,2,1,1,0,1,1,2,0
1,51,1,9119,1,1,2,1,1,19,3,5,2,1,0,0,1,1,0,1,0,2,3,3,3,3,0,1,3,2,2,3,0,1,1,3,0
1,1,2,9773,1,1,0,1,1,19,4,7,2,1,0,0,1,0,1,0,0,0,2,1,2,3,0,0,2,1,2,2,0,2,0,2,0
1,43,2,9238,1,1,1,1,34,30,0,5,1,1,0,0,1,1,0,2,0,0,2,3,0,0,0,0,1,3,0,0,0,0,0,0,0
1,7,1,9130,1,3,2,1,19,38,9,9,3,1,0,0,1,0,0,2,0,0,1,0,0,0,0,0,1,0,0,0,0,2,1,2,0
2,39,1,9773,1,1,0,1,37,37,9,10,3,0,0,1,0,1,0,3,0,0,2,3,1,0,0,0,2,3,1,2,0,1,1,2,0
1,1,1,9670,1,1,1,1,1,3,4,3,1,1,0,0,1,0,0,0,0,0,2,1,2,2,0,0,2,2,2,2,0,0,1,3,0
1,44,1,9085,1,39,2,1,1,1,4,7,3,1,0,1,1,0,0,2,0,1,1,2,2,1,0,1,2,3,1,1,0,2,0,2,0
1,42,1,9119,1,6,0,1,35,35,6,6,2,1,0,0,1,1,0,3,0,2,2,2,1,1,0,1,1,2,1,0,0,0,2,1,0
1,17,3,9254,1,1,1,1,12,38,5,7,0,1,0,1,1,0,0,0,0,0,2,2,2,1,0,0,2,3,1,2,0,2,1,2,0
4,39,1,9130,1,1,1,1,3,1,5,5,0,1,0,0,1,0,1,3,0,0,2,1,0,0,0,0,2,3,1,0,0,1,1,3,0
1,1,2,9254,1,1,0,1,37,37,6,6,0,1,0,0,0,0,0,1,0,0,2,0,0,0,0,0,2,0,0,0,0,1,1,3,0
1,7,1,9003,1,3,1,1,1,19,5,9,2,0,0,0,1,1,0,3,0,0,2,2,0,0,0,0,2,3,0,0,0,3,0,1,0
1,7,1,9991,0,40,0,1,1,19,4,9,1,0,0,0,1,0,0,2,0,0,1,1,0,0,0,0,1,1,0,0,0,2,1,2,0
2,39,1,9556,1,1,0,1,37,37,9,9,1,0,0,0,1,0,0,3,0,1,3,3,2,2,0,0,3,3,1,1,0,2,3,0,0
1,1,1,9254,1,1,0,1,37,37,3,3,1,0,0,0,1,1,1,0,0,0,2,1,2,0,0,0,2,1,2,1,0,1,1,3,0
1,43,1,33,1,1,2,1,37,37,1,1,0,1,0,0,1,1,0,3,0,0,3,2,0,0,0,0,3,2,0,0,0,2,0,2,0
1,17,1,9254,1,1,0,1,37,37,5,4,1,1,0,0,1,1,0,0,0,0,2,3,1,0,0,0,2,3,1,1,0,1,1,2,0
1,1,5,9085,1,1,0,1,38,37,9,8,0,1,0,0,0,0,0,0,0,0,1,3,0,0,3,0,1,2,0,0,1,0,0,0,0
1,17,1,9254,1,1,3,1,1,1,9,10,3,0,0,1,1,0,0,0,0,0,2,2,1,0,0,0,2,3,1,1,0,0,2,1,0
2,39,1,9991,0,19,1,1,19,37,7,9,3,0,0,1,0,0,0,3,0,0,1,1,0,0,0,0,1,1,0,0,0,1,1,2,0
2,43,1,9991,0,1,3,1,38,19,3,3,1,0,0,0,0,0,0,3,0,3,3,3,3,1,0,3,3,3,3,1,0,1,1,2,0
1,1,1,171,1,1,3,1,19,19,8,8,3,1,0,0,1,0,1,0,0,0,0,0,0,0,0,0,0,0,0,0,0,1,1,3,0
1,1,1,9130,1,1,3,1,34,1,0,0,3,0,0,0,1,0,0,0,0,0,2,0,0,0,0,0,2,0,0,0,0,0,2,1,0
1,39,1,9130,1,19,1,1,19,3,9,2,3,1,0,1,1,1,0,2,0,0,2,3,2,2,0,0,2,3,1,2,0,3,0,1,0
1,1,1,9238,1,1,0,1,19,19,193,194,0,0,0,0,1,0,0,0,0,0,3,0,0,0,0,0,3,0,0,0,0,2,1,2,0
1,39,1,9119,1,1,0,1,37,38,9,8,0,0,0,1,1,1,0,2,0,0,1,3,0,0,0,0,1,1,0,0,0,3,0,1,0
1,39,1,9119,1,1,2,1,1,12,4,3,0,0,0,0,1,1,0,3,0,1,2,2,1,1,0,1,2,1,1,1,0,2,0,2,0
1,17,1,9070,1,1,0,1,1,1,4,8,1,1,0,1,0,0,1,0,0,0,2,1,2,1,0,0,2,2,2,1,0,2,3,0,0
2,42,1,9556,1,1,0,1,37,37,9,6,3,0,0,0,1,1,0,3,0,0,3,1,0,0,0,0,3,3,1,2,0,3,0,1,0
1,39,1,9003,1,19,1,1,3,1,2,8,0,1,0,0,1,1,0,3,0,0,2,3,1,1,0,0,2,3,0,0,0,2,0,2,0
2,39,1,9773,1,19,0,1,37,37,0,0,3,0,0,1,0,1,0,3,0,0,1,1,1,3,0,0,1,3,0,0,0,1,1,2,0
1,17,1,9773,1,1,1,1,19,38,5,7,1,1,0,0,1,1,0,0,0,0,2,1,0,0,0,0,2,0,0,0,0,0,1,3,0
1,7,1,9147,1,2,3,1,3,37,2,5,3,1,0,1,0,0,0,3,0,0,1,1,0,0,0,0,1,1,0,0,0,3,3,0,0
1,17,3,9119,1,1,1,1,37,37,9,7,1,0,0,0,1,1,0,0,0,0,1,3,0,0,0,0,1,3,1,1,3,0,2,1,0
1,44,1,9130,1,39,1,1,38,19,9,9,3,0,0,0,1,1,0,2,0,1,2,2,1,1,0,1,2,2,1,3,0,1,1,3,0
1,17,1,9670,1,1,1,1,19,37,9,8,1,1,0,0,1,1,0,2,0,0,1,0,0,0,0,0,1,0,0,0,0,2,0,2,0
1,1,3,9238,1,1,0,1,19,19,9,9,0,1,0,1,1,0,0,0,0,0,2,0,0,0,0,0,2,0,0,0,0,2,1,2,0
1,39,1,9670,1,9,1,1,37,37,5,3,0,0,0,1,1,1,0,3,0,0,1,1,0,0,0,0,1,1,0,0,0,0,0,0,0
1,17,6,9500,1,1,2,1,1,1,4,3,2,1,0,0,1,1,1,0,0,0,3,2,3,2,0,0,3,3,3,2,0,1,1,3,0
4,39,2,9556,1,1,1,1,38,37,7,7,0,1,0,0,1,0,0,2,0,0,3,0,0,0,0,0,3,0,0,0,0,1,1,2,0
1,1,1,9238,1,1,1,1,19,37,0,0,3,1,0,0,1,0,0,0,0,0,2,3,0,0,3,0,2,0,0,0,0,0,2,1,0
1,39,1,9003,1,1,2,1,1,3,4,5,2,0,0,0,1,1,0,2,0,0,2,2,0,0,0,0,2,3,0,0,0,3,0,1,0
1,17,2,9147,1,1,1,1,19,1,9,3,1,1,0,0,1,0,1,0,0,0,1,3,1,0,0,0,1,3,1,1,0,2,0,2,0
1,44,1,9003,1,39,2,1,19,19,4,4,3,1,0,0,0,1,0,2,0,0,2,3,1,2,0,0,2,3,0,0,0,3,0,1,0
1,39,1,8014,0,1,0,1,37,37,6,5,0,0,0,0,1,0,0,3,0,0,1,1,0,0,0,0,2,0,0,0,0,2,3,0,0
1,39,1,9991,0,19,1,1,19,37,9,9,3,0,0,0,0,1,0,3,0,0,1,3,1,1,0,0,1,2,1,1,0,1,1,3,0
1,39,1,9773,1,9,1,1,38,1,5,4,0,1,0,0,1,1,0,3,0,0,2,3,1,2,0,0,2,3,1,1,0,0,2,1,0
1,1,1,9254,1,1,3,1,2,1,2,3,3,0,0,0,1,1,0,3,0,0,2,3,1,3,0,0,2,1,0,0,0,3,3,0,0
1,39,1,9254,1,39,2,1,1,1,5,10,1,0,0,0,0,1,0,3,0,0,2,0,0,0,0,0,2,0,0,0,0,3,0,1,0
2,39,1,9130,1,19,1,1,2,1,8,8,1,1,0,1,0,1,0,3,0,0,3,3,1,0,0,0,3,3,1,0,0,3,0,1,0
1,43,2,9670,1,1,2,1,3,19,1,7,1,1,0,0,1,1,0,2,0,0,2,3,0,0,0,0,2,1,0,0,0,3,0,1,0
1,44,1,9085,1,39,2,1,1,2,4,6,3,1,0,0,1,0,0,3,0,0,1,0,0,0,0,0,1,0,0,0,0,3,3,0,0
1,1,3,9773,1,1,3,1,1,3,0,0,3,0,0,0,0,1,0,1,0,0,1,1,0,0,0,0,1,2,0,0,0,1,1,2,0
1,1,1,9670,1,1,0,1,1,1,9,9,2,1,0,0,1,1,0,0,0,0,2,1,1,1,0,0,2,3,1,0,0,1,1,2,0
1,1,1,9238,1,1,2,1,1,38,4,6,1,0,1,1,0,1,0,0,0,0,2,1,1,1,0,0,2,1,2,1,0,0,1,3,0
1,39,1,9670,1,9,1,1,6,22,3,3,1,0,0,1,0,1,0,3,0,0,1,1,0,0,0,0,1,1,0,0,3,0,0,0,0
1,1,1,9147,1,1,1,1,34,34,0,0,1,0,0,0,1,1,0,3,0,3,3,3,3,0,0,3,3,3,3,1,2,0,2,1,0
1,18,1,9147,1,1,0,1,37,37,7,7,0,1,0,0,0,1,0,1,0,0,1,1,0,0,0,0,1,0,0,0,0,0,0,0,0
1,1,2,9085,1,1,0,1,37,19,90,90,3,0,0,0,1,1,0,0,0,0,2,0,0,0,0,0,2,0,0,0,0,0,2,1,0
2,44,1,9991,0,39,1,1,1,37,4,9,2,0,0,0,0,0,0,2,0,0,1,3,1,1,0,0,1,3,1,2,0,3,3,0,0
1,17,1,9147,1,1,0,1,38,37,6,4,0,1,0,0,1,0,0,0,0,0,1,3,1,0,0,0,1,2,0,0,3,3,0,1,0
1,39,1,9119,1,1,3,1,3,3,4,4,3,1,0,0,1,1,0,3,0,0,1,3,1,3,0,0,1,0,0,0,0,0,1,3,0
1,51,1,9003,1,39,1,1,1,19,4,4,1,1,0,1,0,1,0,2,0,0,1,3,1,1,0,0,1,3,1,1,0,0,1,3,0
1,39,2,9991,0,1,1,1,19,38,9,9,0,0,0,0,0,1,0,3,0,0,1,3,0,0,0,0,1,1,0,0,0,3,3,0,0
1,44,1,9003,1,39,1,1,37,37,9,10,2,0,0,1,0,0,0,3,0,0,1,3,1,2,0,0,1,2,1,1,0,2,0,2,0
1,39,1,9991,0,1,3,1,1,19,4,8,1,0,0,0,1,1,0,3,0,0,1,2,1,1,0,0,1,2,1,0,0,2,3,0,0
1,18,3,9070,1,1,2,1,1,1,3,4,1,0,0,0,1,0,0,0,0,0,2,1,1,1,0,0,2,1,1,1,0,0,0,0,0
1,44,1,9003,1,39,3,1,3,2,2,2,3,0,0,0,1,1,0,2,0,3,3,3,3,2,0,2,3,3,2,1,0,3,3,0,0
1,1,5,9500,1,1,3,1,38,38,9,9,3,1,0,0,1,0,0,0,0,0,3,2,3,2,0,0,3,2,3,2,0,0,0,0,0
1,1,2,9238,1,1,0,1,19,1,9,8,0,1,0,1,0,0,0,0,0,0,1,0,0,0,0,0,2,0,0,0,0,1,1,3,0
4,39,1,9500,1,19,1,1,38,19,5,7,3,0,0,0,1,0,1,3,0,0,3,3,1,2,0,0,3,3,2,1,0,3,0,1,0
1,1,6,9254,1,1,0,1,19,19,9,9,1,1,0,0,1,1,0,1,0,0,3,3,1,0,0,0,3,3,1,1,0,1,1,2,0
1,17,6,9119,1,1,1,1,37,13,4,90,0,1,0,0,1,1,0,0,0,0,1,3,0,0,0,0,1,1,0,0,0,0,2,1,0
1,42,1,9119,1,1,2,1,19,19,90,90,1,0,0,1,0,1,0,3,0,0,1,1,0,0,0,0,1,1,0,0,0,2,3,0,0
1,1,1,171,1,1,2,1,3,19,2,9,1,0,0,0,1,0,0,0,0,0,0,0,0,0,0,0,0,0,0,0,0,1,1,2,0
1,39,1,9119,1,19,1,1,37,38,3,7,0,0,0,0,1,1,1,3,0,0,1,1,0,0,0,0,1,1,0,0,0,2,1,2,0
2,39,1,9130,1,1,3,1,19,19,4,4,2,0,0,0,0,1,0,3,0,0,1,3,1,0,2,0,1,2,1,1,0,0,0,0,0
1,1,1,9500,1,1,2,1,19,19,4,5,2,1,0,0,1,1,0,0,0,0,3,2,0,0,0,0,3,2,0,0,0,3,3,0,0
1,39,1,9119,1,1,3,1,1,38,4,7,0,0,0,0,0,1,0,2,0,0,1,2,0,0,0,0,1,1,0,0,0,0,0,0,0
1,39,1,9991,0,1,0,1,34,34,0,0,1,1,0,0,1,1,0,3,0,0,1,1,1,0,0,0,1,1,0,0,0,0,2,1,0
1,43,1,9500,1,19,1,1,34,34,0,0,0,1,0,0,1,1,0,3,0,0,3,2,0,0,3,0,3,2,0,0,3,0,2,1,0
4,17,5,8014,0,1,0,1,19,19,90,90,0,0,0,0,1,0,0,3,0,0,1,3,1,0,0,0,1,3,0,0,0,1,1,2,0
1,17,6,9773,1,1,1,1,34,34,0,0,2,0,0,0,1,1,0,0,0,0,2,0,0,0,0,0,2,0,0,0,0,0,2,1,0
1,1,3,9773,1,1,3,1,34,1,5,10,3,1,0,0,0,1,0,0,0,0,1,2,0,0,2,0,2,0,0,0,0,0,0,0,0
1,1,2,9556,1,1,1,1,19,19,9,9,0,1,0,0,1,0,0,2,0,0,1,1,1,2,0,0,3,0,0,0,0,2,1,2,0
2,39,1,9991,0,19,1,1,19,39,5,3,1,0,0,1,0,0,0,3,0,0,1,1,0,0,0,0,1,1,0,0,0,3,0,1,0
1,17,1,9254,1,1,0,1,38,37,9,7,1,1,0,0,0,0,0,0,0,0,2,2,1,1,0,0,2,3,1,0,0,1,1,2,0
1,43,1,9991,0,1,0,1,37,37,9,9,2,0,0,0,0,1,0,3,0,2,3,2,1,1,0,2,1,1,1,1,0,1,1,2,0
1,44,1,9238,1,39,2,1,1,1,4,3,3,0,0,0,1,1,0,2,0,2,2,1,2,2,0,1,2,1,1,3,0,2,0,2,0
1,17,3,9853,1,1,2,1,38,38,5,7,2,1,0,0,1,0,0,0,0,0,2,2,2,2,0,0,2,3,1,0,0,1,1,2,0
1,17,1,9254,1,1,1,1,19,1,9,9,3,0,0,0,1,1,1,1,0,0,3,1,0,0,0,0,3,3,0,0,0,1,1,2,0
1,1,1,9130,1,1,3,1,1,1,9,9,3,0,0,0,0,1,0,0,0,0,2,2,2,1,0,0,2,3,1,2,0,0,1,3,0
1,39,1,9670,1,1,1,1,37,37,9,9,0,1,0,0,0,0,0,3,0,0,2,2,1,1,0,0,2,3,1,1,3,3,0,1,0
2,39,1,9003,1,1,1,1,37,37,9,9,0,0,0,0,0,1,0,3,0,2,3,3,1,1,0,1,3,2,1,1,0,3,3,0,0
1,17,1,171,1,1,0,1,37,37,7,9,2,1,0,0,1,1,0,2,0,3,3,3,3,1,0,3,3,3,3,1,0,1,1,3,0
1,7,1,9991,0,3,1,1,37,37,9,9,2,0,0,0,1,1,0,3,0,3,3,2,3,3,0,3,1,1,2,2,0,2,3,0,0
1,18,5,9500,1,1,2,1,19,1,1,10,2,0,0,0,1,0,0,0,0,0,3,0,0,0,0,0,3,0,0,0,0,0,0,0,0
2,39,2,9147,1,1,0,1,37,37,9,9,0,1,0,0,1,1,0,3,0,0,1,1,0,0,0,0,1,2,0,0,0,1,1,2,0
1,17,1,9853,1,1,3,1,37,37,9,9,3,1,0,0,1,0,0,2,0,0,1,3,1,0,0,0,1,3,1,1,0,0,2,1,0
1,39,1,9670,1,1,0,1,1,19,5,4,3,0,0,0,1,0,0,3,0,1,1,3,1,1,0,0,1,3,1,1,0,2,0,2,0
1,18,1,9119,1,1,3,1,1,37,7,7,2,1,0,0,1,1,0,0,0,0,1,1,1,3,0,0,1,1,0,0,0,0,0,0,0
1,1,6,171,1,1,1,1,10,10,4,4,2,1,0,0,1,1,1,0,0,0,0,0,0,0,0,0,0,0,0,0,0,0,0,0,0
4,39,1,9085,1,1,0,1,37,37,90,90,0,0,0,0,0,0,0,3,0,0,1,3,1,1,3,0,1,3,1,0,2,0,0,0,0
1,43,1,9991,0,1,2,1,3,4,2,2,2,0,0,0,0,1,0,3,0,3,3,3,3,1,0,2,3,2,1,1,0,0,2,1,0
1,1,5,9500,1,1,3,1,38,19,7,7,2,1,0,0,0,0,0,0,0,0,3,0,0,0,0,0,3,0,0,0,0,2,3,0,0
1,1,1,171,1,1,3,1,3,3,2,5,3,1,0,0,1,0,0,0,0,3,3,3,3,2,0,2,3,3,3,2,0,0,1,3,0
1,17,1,9773,1,1,3,1,1,38,90,8,2,1,0,0,0,1,0,2,0,0,2,3,1,1,0,0,2,0,0,0,0,1,1,2,0
2,39,1,9991,0,9,1,1,34,34,0,0,1,0,0,0,0,0,0,3,0,0,1,1,0,0,0,0,1,1,0,0,0,0,2,1,0
1,1,1,9254,1,1,1,1,38,1,9,9,1,0,0,1,0,1,0,2,0,0,2,2,2,1,0,0,2,2,2,0,0,0,1,3,0
1,39,1,9085,1,19,1,1,19,37,7,90,0,0,0,0,1,0,0,3,0,0,1,3,1,1,2,0,1,3,0,0,3,1,1,2,0
1,10,1,9773,1,1,3,22,38,37,0,5,3,1,0,0,1,0,0,0,1,0,2,3,0,0,1,0,2,0,0,0,0,0,0,0,0
2,39,1,9991,0,1,0,1,34,34,0,0,0,1,0,0,1,0,0,3,0,0,1,1,0,0,0,0,1,1,0,0,0,0,2,1,0
1,39,1,9556,1,19,1,1,37,37,9,10,0,0,0,0,1,1,0,3,0,0,3,2,0,0,0,0,3,2,0,0,0,3,3,0,0
1,7,1,9991,0,40,1,1,38,38,9,7,2,0,0,0,1,1,0,3,0,3,3,3,3,3,0,3,3,3,2,3,0,0,1,3,0
1,39,1,9556,1,1,0,1,19,19,4,5,1,0,0,0,1,0,0,3,0,0,3,3,2,1,0,0,3,2,3,1,0,2,0,2,0
1,17,1,9070,1,1,2,1,38,19,7,7,1,1,0,0,1,0,0,0,0,0,2,1,1,2,0,0,2,1,0,0,0,2,1,2,0
1,1,1,9130,1,1,2,1,40,19,2,9,2,1,0,0,1,0,0,0,0,0,2,2,2,3,0,0,2,3,1,3,0,0,1,3,0
1,1,1,9238,1,1,1,1,2,2,3,4,0,1,0,0,1,1,0,0,0,0,2,3,1,1,0,0,2,3,1,0,0,1,1,3,0
1,1,1,9670,1,1,1,1,19,1,4,1,1,0,0,0,1,0,0,0,0,0,1,1,2,2,0,0,1,2,2,2,0,1,1,2,0
4,39,1,9670,1,1,0,1,19,19,90,99,0,0,0,0,1,1,0,3,0,0,2,0,0,0,0,0,2,0,0,0,0,2,3,0,0
1,1,2,9853,1,1,1,1,19,37,4,9,2,1,0,0,1,0,0,0,0,0,1,1,0,0,0,0,1,0,0,0,0,2,3,0,0
1,43,1,9130,1,1,0,1,2,3,3,2,1,1,0,0,0,1,0,2,0,0,2,0,0,0,0,0,1,1,0,0,2,1,1,2,0
2,39,1,171,1,19,0,1,37,37,9,9,3,0,0,0,1,1,0,3,0,0,0,0,0,0,0,0,0,0,0,0,0,1,1,2,0
1,17,2,9556,1,1,0,1,38,19,7,7,1,1,0,0,1,0,0,1,0,0,3,3,1,3,0,0,3,3,1,1,0,1,1,3,0
4,39,2,9670,1,19,1,1,19,1,90,90,0,0,0,0,0,1,0,3,0,0,2,1,0,0,0,0,2,2,0,0,0,1,1,2,0
1,1,3,9500,1,1,2,1,3,1,4,1,1,1,0,0,1,1,0,0,0,0,3,3,2,2,1,0,3,3,2,2,1,1,1,2,0
1,17,5,9254,1,1,1,1,37,38,9,9,1,1,0,1,1,1,1,1,0,0,2,1,0,0,0,0,2,1,0,0,0,0,1,3,0
1,7,1,9119,1,3,1,1,34,34,90,90,2,0,0,0,1,1,0,3,0,0,1,1,0,0,0,0,1,1,0,0,0,1,1,2,0
1,17,1,9238,1,1,3,1,19,37,6,6,3,0,0,0,1,1,0,2,0,0,2,0,0,0,0,0,2,0,0,0,0,2,0,2,0
1,7,3,9130,1,3,1,1,37,26,90,10,2,0,0,0,0,1,0,3,0,0,1,2,0,0,3,0,1,2,0,0,3,1,1,2,0
1,17,2,9500,1,1,0,1,37,37,9,9,2,1,0,0,1,0,0,0,0,0,3,1,2,2,1,0,3,1,2,2,1,0,2,1,0
1,1,1,171,1,1,1,1,1,1,4,1,1,1,0,0,1,1,0,1,0,0,0,0,0,0,0,0,0,0,0,0,0,1,1,2,0
2,7,1,8014,0,3,3,1,19,19,4,4,3,0,0,0,1,0,0,3,0,0,1,1,0,0,0,0,2,0,0,0,0,0,0,0,0
1,17,2,9254,1,1,1,1,12,37,9,9,1,1,0,0,1,0,0,0,0,0,2,3,1,0,0,0,2,3,0,0,0,1,1,2,0
2,39,1,9991,0,1,0,1,37,37,9,9,2,0,0,0,0,1,0,3,0,0,1,1,0,0,0,0,1,0,0,0,0,2,3,0,0
1,7,1,9500,1,2,2,1,38,37,7,8,3,0,0,0,1,0,0,3,0,0,3,3,1,1,2,0,3,3,1,1,2,2,3,0,0
1,1,4,9119,1,1,0,1,3,1,123,152,0,0,0,0,1,1,0,0,0,0,1,2,1,2,0,0,1,1,0,0,0,0,1,3,0
1,43,1,9773,1,1,1,22,34,34,90,90,2,0,0,1,1,0,0,2,1,0,2,3,1,3,0,0,2,2,1,2,0,0,2,1,0
1,17,1,9238,1,1,0,1,19,38,3,3,0,1,0,0,0,0,0,0,0,0,3,3,1,0,0,0,3,3,1,1,0,2,3,0,0
1,39,1,8014,0,15,1,1,34,34,0,0,0,1,0,0,0,0,0,3,0,0,1,2,0,0,0,0,1,1,0,0,3,0,0,0,0
1,1,1,9254,1,1,0,1,1,3,4,1,1,1,0,0,1,1,0,0,0,0,3,3,1,1,0,0,3,3,1,2,0,1,1,2,0
1,43,1,171,1,2,2,1,37,37,9,9,3,1,0,0,1,0,0,3,0,0,0,0,0,0,0,0,0,0,0,0,0,1,1,2,0
1,17,2,9853,1,1,2,1,1,1,9,4,1,1,0,0,1,0,0,2,0,0,1,3,1,2,0,0,1,2,1,1,0,1,1,2,0
1,10,2,9773,1,1,3,22,19,38,3,5,3,1,0,0,0,0,0,0,1,0,2,2,2,1,0,0,2,0,0,0,0,1,1,2,0
1,43,1,33,1,19,1,1,38,38,4,4,3,0,0,1,1,1,0,3,0,2,3,3,2,2,0,1,3,3,1,1,2,3,0,1,0
1,51,1,8014,0,1,0,1,1,1,4,4,2,0,0,1,0,1,0,3,0,1,3,3,1,0,0,3,3,3,3,0,0,2,1,2,0
1,17,1,9085,1,1,2,1,1,1,4,7,2,1,0,0,1,1,0,2,0,0,2,3,0,0,0,0,2,1,0,0,0,3,0,1,0
2,39,1,9991,0,19,1,1,19,19,4,4,3,0,0,0,0,1,0,3,0,0,1,2,1,0,0,0,1,1,1,1,0,3,3,0,0
2,39,1,9085,1,1,0,1,19,19,1,4,2,0,0,0,1,0,0,3,0,0,1,2,2,3,3,0,1,1,2,3,0,0,0,0,0
1,1,2,9085,1,1,3,1,40,40,3,7,3,1,0,0,1,0,0,0,0,0,2,2,3,3,0,0,2,3,3,3,0,1,1,3,0
1,17,4,9119,1,1,1,1,34,36,0,5,1,1,0,0,1,1,0,0,0,0,1,2,1,1,0,0,1,3,1,1,3,0,2,1,0
1,1,1,9147,1,1,1,1,37,1,9,10,0,0,0,0,1,0,0,2,0,0,1,3,1,1,0,0,1,3,1,3,3,3,0,1,0
2,43,1,9003,1,1,3,1,1,1,4,5,3,1,0,0,0,1,0,3,0,0,1,1,0,0,0,0,1,2,0,0,0,3,3,0,0
1,39,1,9119,1,3,1,1,1,38,90,90,3,0,0,0,1,1,0,3,0,0,1,1,0,0,3,0,1,0,0,0,0,1,1,2,0
1,39,2,9147,1,1,3,1,19,5,4,1,0,1,0,0,1,1,0,2,0,0,1,2,1,0,1,0,1,1,1,3,0,0,0,0,0
1,1,1,9500,1,1,2,1,19,38,7,8,2,0,0,0,1,0,0,0,0,0,3,0,0,0,0,0,3,0,0,0,0,3,0,1,0
1,1,1,9147,1,1,1,1,19,38,9,7,1,0,0,0,0,1,0,0,0,0,1,3,1,1,0,0,1,1,0,0,0,2,0,2,0
1,1,3,9773,1,1,1,1,38,37,7,7,2,1,0,0,1,0,1,0,0,0,1,1,2,3,0,0,1,1,2,2,0,0,1,3,0
1,1,1,9254,1,1,0,1,37,38,9,8,0,1,0,0,1,1,0,0,0,0,2,3,1,1,0,0,2,3,1,2,0,0,2,1,0
1,51,1,9070,1,1,3,1,1,1,4,4,1,1,0,0,1,0,0,2,0,2,3,3,3,2,0,3,3,3,3,1,0,1,1,3,0
1,17,3,9070,1,1,1,1,38,1,5,5,1,0,1,0,1,0,0,0,0,0,2,0,0,0,0,0,2,0,0,0,0,3,3,0,0
1,7,1,8014,0,3,2,1,1,1,4,4,3,0,0,0,1,0,0,3,0,0,2,0,0,0,0,0,2,0,0,0,0,1,1,2,0
1,39,1,9003,1,12,1,1,37,1,9,10,2,0,0,0,1,1,0,3,0,0,2,1,0,0,0,0,2,1,0,0,0,1,1,3,0
4,39,2,9147,1,19,1,1,37,37,9,7,0,0,0,1,0,1,0,3,0,0,1,1,0,0,0,0,1,2,0,0,0,1,1,2,0
4,39,1,9500,1,1,1,1,37,37,9,9,2,0,0,1,1,0,0,3,0,0,3,3,1,1,0,0,3,3,1,0,0,3,0,1,0
1,39,1,9991,0,1,1,1,37,37,7,9,0,0,0,0,0,1,0,3,0,0,1,0,0,0,0,0,1,0,0,0,0,0,1,3,0
2,39,1,9773,1,1,0,1,37,38,9,3,3,0,0,0,1,1,0,3,0,0,2,3,2,3,0,0,2,3,1,3,0,2,3,0,0
1,17,4,9556,1,1,2,1,38,37,3,7,2,1,0,0,1,0,0,2,0,0,3,0,0,0,0,0,3,0,0,0,0,2,3,0,0
1,43,3,9147,1,1,1,21,3,37,3,3,0,1,0,0,1,0,0,2,1,0,1,2,1,0,0,0,1,2,1,2,0,0,2,1,0
2,17,3,8014,0,1,0,1,19,37,3,3,0,0,0,1,0,0,0,0,0,0,2,2,1,0,0,0,2,3,0,0,0,0,2,1,0
1,7,1,9500,1,3,0,1,1,1,7,10,1,1,0,0,0,1,0,2,0,0,3,0,0,0,0,0,3,0,0,0,0,2,3,0,0
1,39,1,9085,1,19,1,1,37,37,4,8,3,0,0,0,1,0,0,3,0,0,3,3,1,2,0,0,3,2,0,0,0,1,1,3,0
1,2,1,9853,1,1,0,1,19,38,9,9,1,0,0,0,0,0,0,3,0,3,3,3,3,1,0,3,3,2,3,1,0,3,3,0,0
1,1,1,9254,1,1,0,1,37,37,9,9,0,1,0,0,0,0,1,1,0,0,2,3,1,1,0,0,2,3,1,1,0,0,2,1,0
1,39,1,9130,1,3,3,1,3,1,90,90,3,1,0,0,1,0,0,3,0,1,1,1,1,0,0,0,1,1,0,0,0,2,3,0,0
1,1,2,9773,1,1,0,1,19,1,4,5,1,1,0,0,1,0,0,0,0,0,2,0,0,0,0,0,2,0,0,0,0,1,1,3,0
1,17,2,8014,0,1,1,1,19,1,5,5,1,1,0,0,1,0,1,0,0,0,3,3,1,1,0,0,3,3,3,1,0,0,0,0,0
1,18,5,9853,1,1,0,1,38,19,7,7,0,1,0,1,0,0,0,1,0,0,2,3,1,1,0,0,2,3,1,1,0,1,1,2,0
1,1,1,171,1,1,0,1,1,19,123,103,0,1,1,0,1,0,0,0,0,0,0,0,0,0,0,0,0,0,0,0,0,2,0,2,0
1,17,5,9670,1,1,1,1,3,4,2,2,1,0,0,0,1,1,0,1,0,0,2,1,1,2,0,0,2,2,0,0,0,1,1,2,0
1,17,1,9238,1,1,0,1,1,38,9,7,1,0,0,0,1,0,0,0,0,0,2,0,0,0,0,0,2,0,0,0,0,1,1,3,0
1,1,2,9773,1,1,1,1,19,38,5,0,2,1,0,0,1,0,0,0,0,0,2,3,1,2,0,0,1,3,0,0,0,0,2,1,0
1,39,1,9670,1,12,1,1,1,19,1,5,0,1,0,1,0,0,0,2,0,0,1,1,1,1,0,0,1,1,1,1,0,0,0,0,0
1,7,2,9130,1,3,2,1,34,34,0,0,3,0,0,0,1,0,0,2,0,0,1,2,0,0,3,0,1,2,0,0,3,1,1,2,0
1,1,1,171,1,1,3,1,1,38,4,9,3,1,0,0,0,0,0,0,0,0,0,0,0,0,0,0,0,0,0,0,0,0,2,1,0
1,39,1,9670,1,1,0,1,34,34,0,0,0,1,0,0,0,1,0,3,0,0,1,1,1,1,0,0,1,2,1,1,1,0,2,1,0
1,7,1,9991,0,40,3,1,37,37,6,6,3,1,0,0,1,1,0,3,0,2,3,2,3,3,0,0,1,1,2,3,0,0,1,3,0
2,43,1,9991,0,2,0,1,37,37,9,9,1,0,0,0,0,0,0,3,0,3,3,3,3,1,3,3,3,3,3,2,0,0,0,0,0
1,17,1,9670,1,1,1,1,38,37,9,9,1,0,0,0,0,1,0,1,0,0,2,1,3,1,0,0,2,2,1,2,0,1,1,2,0
1,1,1,9500,1,1,0,1,37,37,7,7,1,0,0,0,1,1,0,1,0,0,3,2,0,0,2,0,3,2,0,0,0,2,0,2,0
1,17,1,9254,1,1,1,1,1,1,4,8,2,1,0,0,0,1,0,2,0,0,1,1,0,0,0,0,2,0,0,0,0,2,1,2,0
1,1,3,9500,1,1,1,1,3,1,2,5,2,0,0,0,1,0,0,0,0,0,3,0,0,0,0,0,3,0,0,0,0,0,2,1,0
1,17,1,9070,1,1,0,1,38,19,9,9,0,0,0,0,1,1,1,2,0,0,2,2,1,1,0,0,2,1,1,1,0,3,3,0,0
1,15,1,9670,1,1,1,41,1,1,9,5,2,0,0,1,0,1,0,0,1,0,1,1,1,1,0,0,1,1,1,2,0,0,1,3,0
1,44,1,9130,1,39,3,1,1,37,4,8,3,1,0,0,0,0,0,2,0,1,2,3,1,2,0,0,2,1,0,0,0,3,3,0,0
5,39,1,9853,1,19,1,1,38,1,5,3,0,0,0,1,1,0,0,3,0,0,2,1,2,2,0,0,2,1,2,0,0,0,2,1,0
1,1,3,9773,1,1,2,1,3,1,5,3,2,1,0,0,1,0,1,0,0,0,2,1,3,3,0,0,2,2,2,1,0,2,0,2,0
2,43,1,9670,1,1,0,1,34,34,0,0,2,0,0,0,1,1,0,3,0,0,1,1,0,0,0,0,1,1,1,0,0,0,0,0,0
2,39,1,9238,1,19,1,1,37,37,4,4,0,0,0,0,1,0,0,3,0,0,2,3,3,1,0,0,2,3,2,2,0,3,3,0,0
1,44,1,9119,1,39,3,1,19,37,4,7,3,0,0,1,1,0,0,3,0,0,1,1,0,0,0,0,1,1,0,0,0,3,0,1,0
1,17,4,9254,1,1,0,1,3,3,3,3,1,1,0,0,1,0,0,1,0,0,1,1,2,1,0,0,2,3,1,1,0,1,1,2,0
1,42,1,9119,1,1,0,1,1,1,5,7,0,0,0,0,0,1,0,3,0,1,3,3,2,1,0,1,3,1,1,1,0,3,3,0,0
1,7,1,9070,1,3,0,1,4,4,2,2,1,0,0,0,1,1,0,3,0,0,2,2,1,1,0,0,2,3,1,2,0,2,3,0,0
1,18,5,9085,1,1,0,1,5,3,2,3,0,1,0,0,1,0,0,2,0,0,1,3,0,0,3,0,1,1,0,0,0,2,3,0,0
2,39,1,9085,1,19,1,1,38,38,4,7,2,0,0,0,1,0,0,3,0,0,1,0,0,0,0,0,1,0,0,0,0,2,3,0,0
1,39,1,9500,1,1,1,1,38,19,9,9,2,1,0,0,0,1,0,3,0,0,3,0,0,0,0,0,3,0,0,0,0,3,0,1,0
1,53,1,9085,1,42,1,1,38,38,9,9,2,0,0,0,1,0,0,2,0,3,3,3,3,2,0,2,3,3,1,3,0,0,1,3,0
1,1,4,9238,1,1,1,1,1,37,8,9,1,1,0,0,1,0,0,0,0,0,3,0,0,0,0,0,3,0,0,0,0,2,3,0,0
1,39,1,9130,1,39,3,1,1,3,4,1,3,0,0,0,1,1,0,3,0,0,2,2,0,0,0,0,2,2,1,0,2,3,0,1,0
1,17,1,9991,0,1,2,1,38,37,6,7,2,0,0,0,1,0,0,1,0,0,1,0,0,0,0,0,1,0,0,0,0,1,1,3,0
1,39,1,9991,0,1,1,1,3,38,2,7,1,0,0,0,1,1,0,3,0,0,1,1,0,0,0,0,1,1,0,0,0,2,0,2,0
1,7,1,9556,1,43,3,1,38,19,9,9,3,0,0,0,1,1,0,3,0,0,3,3,1,1,0,0,3,3,0,0,2,1,1,3,0
1,39,1,9085,1,19,1,1,19,19,9,7,3,0,0,1,0,0,0,2,0,1,1,3,1,1,0,1,1,3,1,0,0,3,0,1,0
1,1,1,9070,1,1,1,1,19,19,7,7,0,0,0,0,1,0,0,1,0,0,2,0,0,0,0,0,2,0,0,0,0,3,3,0,0
1,51,1,9147,1,1,3,1,1,19,9,6,1,1,0,0,1,1,0,3,0,0,1,2,2,2,0,0,1,2,1,2,0,0,1,3,0
1,18,4,9853,1,1,0,1,19,37,9,6,0,1,0,1,0,0,0,1,0,0,3,3,0,0,0,0,3,1,0,0,0,1,1,3,0
1,1,1,9254,1,1,3,1,1,38,4,9,2,1,0,0,1,0,1,2,0,0,2,2,2,1,0,0,2,3,1,1,0,1,1,2,0
2,39,1,9670,1,1,1,1,37,37,9,0,3,0,0,1,0,0,0,3,0,0,1,1,1,3,0,0,1,1,0,0,3,2,3,0,0
1,1,1,9670,1,1,1,1,1,1,2,2,2,1,0,0,1,0,0,1,0,0,1,1,1,3,0,0,1,1,1,3,0,0,2,1,0
1,39,1,9991,0,1,1,1,19,38,7,4,1,0,0,0,1,0,0,3,0,0,1,2,1,1,0,0,1,2,1,1,0,1,1,2,0
1,1,5,9500,1,1,3,1,37,37,7,9,2,1,0,1,0,0,0,0,0,0,3,0,0,0,0,0,3,0,0,0,0,0,0,0,0
1,43,4,171,1,1,2,1,37,37,9,9,1,1,0,0,1,1,0,0,0,0,0,0,0,0,0,0,0,0,0,0,0,0,2,1,0
2,39,1,9254,1,19,1,1,34,34,0,0,1,0,0,1,0,1,0,3,0,0,2,3,0,0,0,0,2,3,0,0,0,0,0,0,0
1,39,1,9003,1,1,1,1,1,37,4,7,0,0,0,0,1,1,0,3,0,0,2,3,1,3,0,0,2,3,0,0,0,3,0,1,0
1,17,1,9130,1,1,1,1,2,1,4,1,2,0,0,0,1,1,0,0,0,0,2,2,2,1,0,0,2,3,2,1,0,1,1,3,0
1,7,1,9119,1,3,1,1,37,37,9,9,2,0,0,0,0,1,0,3,0,0,1,1,0,0,0,0,1,1,0,0,0,2,3,0,0
1,1,4,9500,1,1,2,1,1,19,4,7,2,1,0,0,1,0,0,0,0,0,3,0,0,0,0,0,3,0,0,0,0,3,3,0,0
1,39,1,8014,0,1,1,1,34,34,0,0,0,1,0,0,1,0,0,3,0,0,2,3,1,1,0,0,2,3,1,1,0,0,2,1,0
1,1,2,9147,1,1,2,1,19,19,9,4,2,1,0,0,1,1,0,2,0,0,1,1,1,0,1,0,1,1,1,1,0,0,0,0,0
1,18,2,9853,1,1,0,1,1,3,9,2,1,1,0,1,0,0,0,1,0,0,2,3,2,2,0,0,2,2,1,0,0,1,1,2,0
2,39,1,8014,0,1,0,1,34,34,99,99,0,0,0,0,0,0,0,3,0,0,1,1,0,0,0,0,1,3,0,0,0,1,1,2,0
1,17,2,9254,1,1,2,1,3,3,2,2,1,0,0,0,0,1,0,0,0,0,2,2,2,1,0,0,2,3,1,0,0,0,0,0,0
1,17,1,9670,1,1,3,1,19,37,5,8,2,0,0,0,1,1,0,0,0,0,2,1,3,3,0,0,2,0,0,0,0,2,3,0,0
1,39,1,9003,1,1,1,1,38,38,9,9,3,0,0,1,0,1,0,3,0,2,3,3,3,3,0,3,3,3,3,3,0,1,1,3,0
1,7,1,9670,1,3,0,1,27,37,3,3,0,1,0,0,1,1,0,3,0,3,3,3,3,2,0,3,3,3,3,2,0,0,0,0,0
1,1,1,9130,1,1,2,1,19,19,90,8,2,1,0,0,0,1,0,1,0,0,1,1,1,2,0,0,1,3,1,1,2,1,1,2,0
1,17,5,171,1,1,0,1,19,12,5,9,2,1,0,0,1,1,0,1,0,0,0,0,0,0,0,0,0,0,0,0,0,1,1,2,0
2,39,1,9773,1,19,1,1,37,37,9,6,0,0,0,0,0,0,0,3,0,0,1,1,0,0,0,0,1,1,0,0,0,3,3,0,0
2,39,1,9991,0,1,0,1,37,37,9,9,2,1,0,0,1,1,0,3,0,0,1,1,0,0,0,0,1,1,0,0,0,0,2,1,0
1,39,2,9147,1,19,1,1,38,19,4,10,0,0,0,0,0,1,0,3,0,0,1,1,0,0,0,0,1,2,0,0,0,1,1,2,0
1,1,2,9773,1,1,1,1,34,19,3,0,3,1,0,0,0,0,0,1,0,0,2,3,1,1,0,0,2,3,1,0,0,0,2,1,0
2,43,1,9147,1,2,0,1,37,37,9,9,1,0,0,1,0,0,0,3,0,3,3,3,3,1,0,3,3,3,3,2,0,3,3,0,0
1,7,1,8014,0,3,1,1,37,38,0,5,2,0,0,0,0,0,0,3,0,0,2,3,1,0,0,0,2,0,0,0,0,2,3,0,0
1,17,4,9238,1,1,1,1,1,19,9,5,0,1,0,0,1,0,1,0,0,0,2,3,2,1,0,0,2,1,0,0,0,3,3,0,0
1,44,1,9085,1,39,3,1,12,38,4,8,3,1,0,0,1,1,0,2,0,1,2,3,2,2,0,1,2,2,1,3,0,2,1,2,0
2,39,1,9991,0,1,0,1,37,37,9,9,1,1,0,0,1,1,0,3,0,0,1,2,1,1,0,0,1,2,1,1,1,0,2,1,0
1,39,1,9500,1,1,1,1,37,19,9,8,0,1,0,0,1,0,0,3,0,0,3,3,0,0,0,0,3,3,0,0,0,1,1,3,0
1,1,2,9773,1,1,0,105,1,1,9,9,1,1,0,1,0,0,0,0,1,0,3,1,3,1,0,0,3,1,1,1,0,1,1,3,0
2,42,1,9147,1,1,0,1,37,37,9,9,0,1,0,0,1,0,0,3,0,3,3,3,3,2,2,3,3,3,3,1,1,3,3,0,0
1,18,3,9254,1,1,0,1,19,19,9,6,1,1,0,0,1,1,0,0,0,0,2,0,0,0,0,0,2,0,0,0,0,2,0,2,0
1,43,1,9003,1,1,0,1,1,1,4,10,2,0,0,0,1,1,0,2,0,0,2,2,3,3,0,0,2,3,3,3,0,3,3,0,0
1,1,1,9773,1,1,0,1,19,37,9,9,1,0,0,1,0,1,1,0,0,0,1,3,1,1,0,0,1,3,1,1,0,2,0,2,0
1,43,1,9500,1,1,0,1,2,4,4,5,3,0,0,0,1,1,0,2,0,0,3,3,2,1,0,0,3,3,3,1,0,2,0,2,0
1,42,1,9119,1,1,0,1,34,34,0,0,2,1,0,0,1,1,0,3,0,2,3,3,3,1,0,1,3,2,2,2,0,0,0,0,0
2,39,1,9147,1,12,1,1,37,37,9,9,1,0,0,0,1,0,0,2,0,0,1,0,0,0,0,0,1,0,0,0,0,0,0,0,0
1,39,1,9119,1,19,1,1,1,1,4,3,2,0,0,1,0,1,0,3,0,0,1,2,1,2,0,0,1,2,1,3,3,3,0,1,0
1,1,1,9130,1,1,1,1,19,1,9,9,1,1,0,0,0,0,0,2,0,0,1,3,1,3,2,0,1,3,1,3,0,0,0,0,0
1,17,1,9085,1,1,0,1,19,37,1,3,2,0,0,0,1,0,0,2,0,0,1,3,0,0,1,0,1,2,1,3,0,0,2,1,0
1,17,5,9254,1,1,0,1,1,19,4,7,0,1,0,0,0,1,0,0,0,0,2,3,0,0,0,0,2,0,0,0,0,0,0,0,0
1,43,1,9147,1,1,0,1,1,38,1,7,1,0,0,0,1,1,0,2,0,0,1,3,1,0,0,0,1,3,0,0,0,2,3,0,0
1,39,1,9556,1,1,2,1,37,38,9,9,0,1,0,1,0,0,1,2,0,0,3,3,2,2,0,1,3,3,2,1,0,0,1,3,0
2,43,1,9991,0,1,0,1,37,37,7,8,0,0,0,0,1,1,0,3,0,0,1,2,1,2,0,0,1,2,1,1,2,3,0,1,0
2,39,2,9003,1,19,1,1,38,19,4,1,0,0,0,0,0,1,0,3,0,1,3,3,1,1,3,0,3,2,0,0,0,3,3,0,0
2,39,1,8014,0,19,1,1,19,37,9,9,3,0,0,1,0,1,0,3,0,0,2,1,0,0,0,0,1,1,0,0,0,3,0,1,0
1,1,5,9070,1,1,0,1,37,37,9,9,1,1,0,0,0,1,0,0,0,0,1,0,0,0,0,0,1,0,0,0,0,1,1,2,0
1,39,1,9991,0,1,0,1,37,37,9,9,2,0,0,0,1,1,0,2,0,0,1,3,0,0,0,0,1,1,1,1,0,1,1,2,0
1,43,1,9773,1,1,1,1,1,1,4,8,2,0,0,0,0,0,0,2,0,0,2,2,3,1,0,0,2,1,3,1,0,1,1,2,0
1,18,4,9254,1,1,0,1,19,37,7,7,0,1,0,0,1,1,1,2,0,0,1,2,1,0,0,0,1,3,1,1,0,0,0,0,0
1,39,2,9670,1,1,3,1,34,34,0,0,0,1,0,0,1,1,0,3,0,0,1,1,0,0,0,0,1,1,0,0,0,0,2,1,0
1,39,1,9556,1,19,0,1,37,38,9,9,1,0,0,0,1,0,0,3,0,0,3,2,1,0,0,0,3,0,0,0,0,2,3,0,0
1,39,1,9003,1,1,0,1,19,37,9,6,1,0,0,1,0,1,0,3,0,0,2,3,1,0,0,0,2,3,0,0,0,3,0,1,0
2,1,4,8014,0,1,2,1,34,34,0,0,2,1,0,0,1,1,0,3,0,0,2,0,0,0,0,0,2,0,0,0,0,0,0,0,0
1,1,4,171,1,1,2,1,37,38,9,9,2,1,0,0,1,0,0,0,0,0,0,0,0,0,0,0,0,0,0,0,0,1,1,2,0
1,39,2,9147,1,1,0,1,37,37,9,9,0,0,0,0,0,1,0,3,0,0,1,2,1,0,0,0,1,2,1,0,0,1,1,2,0
1,1,6,9773,1,1,3,1,30,37,7,7,2,1,0,1,0,0,0,0,0,0,1,2,1,2,0,0,1,2,1,1,0,0,2,1,0
1,1,2,9500,1,1,1,1,37,1,7,7,1,1,0,0,1,0,0,0,0,0,3,0,0,0,0,0,3,0,0,0,0,2,0,2,0
1,17,3,9500,1,1,2,1,3,2,3,3,2,1,0,0,1,0,0,0,0,0,3,1,3,3,0,0,3,2,3,3,0,1,1,3,0
1,17,1,9119,1,1,1,1,37,37,9,6,1,1,0,0,1,1,0,2,0,0,1,2,0,0,0,0,1,1,0,0,0,0,2,1,0
1,1,2,9147,1,1,0,1,1,37,4,9,0,1,0,0,1,1,1,0,0,0,1,1,0,0,0,0,1,1,0,0,0,1,1,3,0
1,17,2,9773,1,1,0,1,1,1,3,3,1,1,0,0,1,0,0,0,0,0,2,0,0,0,0,0,2,0,0,0,0,2,0,2,0
2,39,1,33,1,1,0,1,38,1,9,5,3,0,0,1,1,1,0,3,0,0,3,2,0,0,0,0,3,2,0,0,0,1,1,3,0
1,39,1,9670,1,1,3,1,34,34,0,0,0,0,0,0,1,0,0,2,0,0,1,1,1,0,0,0,1,1,0,0,0,0,2,1,0
1,17,1,9254,1,1,3,1,37,37,5,9,3,1,0,0,1,0,0,0,0,0,2,2,1,2,0,0,2,3,1,3,0,0,2,1,0
1,39,2,9670,1,1,2,1,34,34,0,0,0,1,0,0,1,0,0,3,0,0,1,1,0,0,0,0,1,1,0,0,0,0,2,1,0
2,51,1,9500,1,1,1,1,37,37,5,5,1,0,0,0,1,1,0,3,0,0,3,3,2,1,0,0,3,3,2,2,0,1,1,3,0
2,39,1,9119,1,1,0,1,37,38,9,10,3,0,0,1,1,1,0,3,0,0,1,3,1,0,0,0,1,1,1,2,0,3,0,1,0
1,39,1,9238,1,1,1,1,37,29,0,4,1,0,0,0,0,1,0,3,0,0,2,3,1,0,0,0,2,3,0,0,0,0,2,1,0
1,15,1,9119,1,1,1,41,1,3,5,8,0,0,0,1,1,1,0,2,1,0,1,1,0,0,0,0,2,2,0,0,0,1,1,3,0
1,17,1,9670,1,1,0,1,1,1,5,4,0,1,0,1,1,0,0,1,0,0,1,3,1,1,0,0,2,3,1,0,0,3,3,0,0
1,1,1,9853,1,1,0,1,19,19,7,7,0,1,0,0,1,0,0,2,0,0,2,2,2,2,0,0,2,3,1,1,0,2,3,0,0
1,39,1,8014,0,38,1,1,1,1,4,4,0,0,0,1,0,1,0,3,0,0,2,1,0,0,0,0,1,1,0,0,0,0,1,3,0
1,17,3,9853,1,1,1,1,12,1,4,0,2,1,0,0,1,0,0,0,0,0,2,3,0,0,0,0,2,3,0,0,0,0,2,1,0
1,1,1,9238,1,1,1,1,1,19,4,3,3,1,0,0,1,1,0,2,0,0,2,1,2,2,0,0,2,1,2,3,0,1,1,2,0
1,39,1,9130,1,19,1,1,37,37,9,10,3,1,0,1,1,1,0,3,0,0,2,2,2,1,0,0,2,3,0,0,0,2,0,2,0
1,44,1,9119,1,39,1,1,19,3,3,4,2,0,0,1,0,1,0,2,0,0,1,1,0,0,0,0,1,1,0,0,0,3,3,0,0
5,39,1,9003,1,1,3,1,1,1,4,8,3,0,0,1,0,0,0,3,0,0,2,1,0,0,0,0,2,2,0,0,0,0,1,3,0
3,1,2,9085,1,1,2,1,19,1,4,4,2,1,0,0,1,0,0,2,0,0,1,2,0,0,3,0,1,3,0,0,3,1,1,2,0
4,39,1,9238,1,1,1,1,19,3,9,2,3,0,0,0,1,1,0,3,0,0,2,1,1,1,0,0,2,1,0,0,0,0,1,3,0
1,42,1,9500,1,1,0,1,19,19,9,9,0,0,0,1,1,1,0,2,0,0,3,3,1,0,2,0,3,3,1,0,2,2,3,0,0
1,39,1,9500,1,1,1,1,19,19,9,8,0,0,0,0,1,0,0,3,0,0,3,3,1,3,0,0,3,3,1,1,0,2,0,2,0
1,17,3,9773,1,1,1,1,19,19,5,8,1,0,0,0,1,0,0,0,0,0,2,1,0,0,0,0,2,0,0,0,0,0,1,3,0
1,39,1,8014,0,1,1,1,37,37,9,7,2,0,0,0,1,0,0,3,0,0,2,3,1,1,0,0,2,3,1,1,0,3,0,1,0
1,18,2,9147,1,1,1,1,3,3,5,7,1,1,0,1,0,0,0,1,0,0,1,2,1,0,0,0,1,2,1,0,0,1,1,2,0
1,43,1,9147,1,1,1,1,19,1,9,5,0,0,0,0,1,1,0,2,0,2,3,2,2,1,0,3,3,3,3,1,2,2,3,0,0
1,17,4,9254,1,1,1,1,19,1,5,5,2,1,0,0,1,1,0,0,0,0,2,1,1,0,0,0,2,1,1,1,0,3,0,1,0
1,7,1,9556,1,3,2,1,3,3,2,2,3,0,0,1,0,1,0,3,0,0,3,2,1,2,0,0,1,1,0,0,0,2,0,2,0
1,7,1,9500,1,3,0,1,37,37,4,5,1,0,0,1,0,0,0,3,0,0,3,1,0,0,3,0,3,1,0,0,3,2,0,2,0
1,17,4,9147,1,1,2,1,19,1,0,4,2,1,0,0,1,1,0,2,0,0,1,2,1,0,0,0,1,3,0,0,0,0,2,1,0
1,39,1,9254,1,19,1,1,37,37,9,4,0,0,0,0,1,1,0,3,0,0,2,3,1,1,0,0,2,3,1,3,0,3,0,1,0
1,39,1,8014,0,1,0,1,37,37,99,99,0,0,0,0,1,0,0,3,0,0,1,0,0,0,0,0,1,0,0,0,0,2,3,0,0
1,39,1,9670,1,12,1,1,37,1,9,3,1,0,0,1,0,1,0,3,0,0,2,3,0,0,0,0,2,1,0,0,0,3,3,0,0
1,26,1,9147,1,2,1,1,34,34,0,0,1,1,0,0,1,0,0,3,0,3,3,3,3,1,0,3,3,3,3,2,0,0,2,1,0
5,39,1,9853,1,19,1,1,37,37,9,8,1,0,0,0,1,0,0,3,0,0,3,3,3,1,0,0,3,3,1,0,0,2,1,2,0
1,44,1,9130,1,39,3,1,1,37,3,3,3,1,0,1,0,0,0,3,0,1,2,3,3,1,0,1,3,2,1,3,0,2,1,2,0
1,7,1,9119,1,40,1,1,1,1,4,4,2,0,0,0,1,1,0,3,0,2,2,1,2,2,0,1,1,1,2,3,0,1,1,3,0
1,1,1,9147,1,1,0,1,19,19,9,3,0,1,0,0,0,1,0,1,0,0,1,2,1,1,1,0,1,1,1,1,0,0,0,0,0
1,1,1,9130,1,1,1,1,6,6,0,4,1,1,0,1,1,0,0,3,0,0,1,3,1,2,3,0,1,3,0,0,3,1,1,2,0
1,1,6,9500,1,1,1,1,12,37,5,9,1,1,0,0,1,0,0,0,0,0,3,2,3,3,0,0,3,3,3,3,0,2,1,2,0
1,18,6,9500,1,1,3,1,38,37,9,5,2,1,0,0,0,0,0,0,0,0,3,3,0,0,0,0,3,0,0,0,0,1,1,3,0
1,39,1,9254,1,19,1,1,37,37,90,90,0,0,0,0,1,1,0,3,0,0,2,3,1,0,0,0,2,3,1,0,0,0,2,1,0
1,39,1,9119,1,1,3,1,38,37,7,7,2,0,0,0,1,1,0,2,0,0,1,2,0,0,0,0,1,2,1,3,2,0,2,1,0
1,44,1,171,1,39,0,1,37,37,5,6,0,0,0,0,0,0,0,3,0,2,3,2,1,1,0,2,3,3,1,1,0,2,1,2,0
1,39,1,9130,1,19,1,1,34,34,99,99,0,0,0,0,1,1,0,3,0,0,1,1,0,0,0,0,1,1,0,0,0,0,2,1,0
1,1,1,9130,1,1,3,1,19,37,9,8,3,1,0,0,1,1,0,0,0,0,1,1,2,3,0,0,1,1,2,3,0,2,3,0,0
6,39,1,9991,0,12,1,1,37,37,90,90,1,1,0,0,0,1,0,3,0,0,1,1,0,0,0,0,1,1,0,0,0,0,2,1,0
1,17,3,9085,1,1,0,1,19,38,5,7,0,0,0,0,1,0,0,2,0,0,2,0,0,0,0,0,3,0,0,0,0,3,3,0,0
1,42,1,8014,0,1,0,1,37,38,90,7,1,1,0,0,1,0,0,3,0,3,3,3,3,3,1,2,3,1,3,3,0,0,2,1,0
1,39,2,9670,1,19,1,1,34,34,0,0,0,1,0,0,0,1,0,3,0,0,1,2,1,0,0,0,1,1,1,0,2,0,2,1,0
1,17,1,9254,1,1,0,1,11,34,5,0,1,1,0,0,1,0,0,2,0,0,2,3,1,0,0,0,2,3,1,1,0,0,2,1,0
1,39,1,9991,0,1,3,1,19,38,9,8,3,0,1,0,1,0,0,2,0,0,1,2,1,0,0,0,1,1,1,0,0,1,1,2,0
1,1,1,171,1,1,3,1,3,3,2,2,3,1,0,0,1,0,0,0,0,0,0,0,0,0,0,0,0,0,0,0,0,3,3,0,0
1,39,1,9670,1,1,2,1,37,37,9,9,3,1,0,0,0,1,0,3,0,0,2,3,0,0,0,0,2,1,0,0,0,2,3,0,0
1,17,1,9119,1,1,1,1,38,19,7,3,1,1,0,1,1,1,0,1,0,0,1,1,0,0,0,0,1,1,0,0,3,0,0,0,0
1,39,1,9003,1,19,1,1,37,38,4,9,0,0,0,1,0,0,0,3,0,0,2,3,2,2,0,0,2,3,1,2,0,1,1,3,0
2,39,1,9130,1,1,1,1,37,37,9,6,3,0,0,0,1,1,0,3,0,1,2,3,1,1,1,1,2,3,1,0,1,3,0,1,0
4,1,1,9991,0,1,1,1,37,37,9,9,1,0,0,1,0,0,0,3,0,0,1,0,0,0,0,0,1,0,0,0,0,2,3,0,0
1,39,1,9991,0,1,0,1,19,37,5,5,2,0,0,0,0,1,0,3,0,0,1,1,1,0,0,0,1,0,0,0,0,2,3,0,0
1,17,4,171,1,1,1,1,38,38,9,9,0,1,0,0,1,1,0,2,0,0,0,0,0,0,0,0,0,0,0,0,0,1,1,2,0
4,39,1,8014,0,1,2,1,19,19,90,90,2,0,0,0,0,0,0,3,0,0,1,1,0,0,0,0,1,3,0,0,0,1,1,2,0
1,17,2,9147,1,1,1,1,1,1,4,4,0,0,0,0,1,1,0,1,0,0,1,3,0,0,0,0,1,1,0,0,0,1,1,3,0
1,17,6,9773,1,1,1,1,1,19,5,5,1,1,0,0,1,0,0,0,0,0,1,0,0,0,0,0,2,0,0,0,0,2,1,2,0
1,39,1,9003,1,1,0,1,37,37,9,10,0,1,0,0,0,1,0,3,0,0,2,0,0,0,0,0,2,0,0,0,0,3,3,0,0
1,17,1,9991,0,1,3,1,34,34,0,0,3,1,0,1,1,1,0,3,0,0,1,2,1,0,0,0,1,1,0,0,0,0,2,1,0
2,39,1,9991,0,12,1,1,37,34,90,90,0,1,0,0,1,0,0,3,0,0,1,0,0,0,0,0,1,0,0,0,0,0,2,1,0
1,1,5,9070,1,1,2,1,34,1,5,7,2,1,0,0,1,0,0,0,0,0,2,2,1,0,0,0,3,0,0,0,0,0,0,0,0
1,17,1,9670,1,1,1,1,1,38,4,7,1,0,0,1,1,0,1,0,0,0,2,1,1,3,0,0,2,1,0,0,0,3,3,0,0
1,39,1,8014,0,1,2,1,37,38,4,7,0,1,0,0,1,0,0,2,0,0,2,3,1,0,0,0,2,3,0,0,0,0,0,0,0
1,39,1,9085,1,1,3,1,19,19,4,10,0,0,0,0,1,0,0,2,0,1,2,3,2,2,0,1,2,3,1,1,0,2,0,2,0
1,39,1,9085,1,1,0,1,1,1,5,5,3,1,0,1,1,0,0,3,0,0,2,1,2,3,0,0,2,1,2,3,0,2,0,2,0
2,39,1,9773,1,19,1,1,19,19,9,4,2,0,0,1,0,1,0,3,0,0,1,1,0,0,0,0,1,1,0,0,0,2,0,2,0
1,1,6,9853,1,1,0,1,19,19,9,9,0,1,0,0,1,1,0,1,0,0,1,2,1,1,0,0,1,1,1,1,0,1,1,2,0
1,17,1,9147,1,1,0,1,37,37,9,9,0,0,0,0,0,0,0,2,0,0,1,2,1,0,2,0,1,3,1,0,0,0,0,0,0
1,39,1,9130,1,9,1,1,34,36,0,90,0,0,0,0,1,1,0,3,0,0,1,1,0,0,0,0,1,1,0,0,0,0,2,1,0
1,17,1,9853,1,1,1,1,1,1,5,7,1,1,0,0,1,0,0,0,0,0,3,2,3,1,0,0,3,2,2,2,0,1,1,3,0
1,43,1,9003,1,1,0,1,37,37,9,6,1,0,0,1,1,1,0,2,0,0,2,1,0,0,0,0,2,2,0,0,0,3,3,0,0
1,1,1,9070,1,1,0,1,19,19,9,9,3,1,0,1,1,0,1,0,0,1,2,2,3,2,2,0,2,2,3,2,0,2,0,2,0
1,16,1,9085,1,1,3,1,3,3,2,1,3,1,0,0,1,0,0,0,0,0,2,2,3,3,0,0,2,1,3,3,0,2,0,2,0
1,7,1,9254,1,3,0,1,19,19,3,3,0,0,0,0,1,1,0,3,0,0,2,2,0,0,0,0,2,1,0,0,0,3,0,1,0
1,39,2,9556,1,1,1,1,1,1,9,10,0,0,0,0,1,1,0,2,0,0,3,3,0,0,0,0,3,3,0,0,1,1,1,3,0
1,39,1,9500,1,1,0,1,37,37,9,8,0,0,0,0,1,1,0,3,0,0,3,3,0,0,0,0,3,1,0,0,0,2,0,2,0
1,53,1,9085,1,42,3,1,1,1,9,4,3,1,0,0,1,1,1,2,0,1,3,3,2,1,0,2,3,3,2,3,0,0,1,3,0
1,43,5,8014,0,1,0,1,34,34,0,0,0,0,0,0,1,1,0,3,0,0,2,3,0,0,0,0,1,3,0,0,0,0,2,1,0
1,39,1,9991,0,1,2,1,1,37,9,8,3,0,0,0,1,0,0,3,0,0,1,1,0,0,0,0,1,2,0,0,0,3,0,1,0
1,17,1,9130,1,1,3,1,3,2,3,6,3,1,0,0,1,0,0,0,0,0,2,2,2,3,0,0,2,2,2,3,0,2,0,2,0
2,43,1,9130,1,9,1,1,34,34,0,0,2,0,0,0,1,1,0,3,0,0,1,2,0,0,0,0,1,1,0,0,0,0,2,1,0
1,39,1,171,1,1,2,1,37,37,9,9,0,0,1,0,1,0,0,3,0,0,0,0,0,0,0,0,0,0,0,0,0,3,0,1,0
1,1,3,171,1,1,1,1,38,37,9,3,2,1,0,1,0,1,1,0,0,0,0,0,0,0,0,0,0,0,0,0,0,0,0,0,0
1,17,2,9670,1,1,0,1,34,37,0,0,0,1,0,1,0,0,0,0,0,0,1,2,1,1,0,0,1,1,1,0,0,0,2,1,0
1,1,5,9773,1,1,1,1,3,3,2,2,1,0,0,1,1,0,0,0,0,0,1,1,1,2,0,0,1,1,0,0,0,2,3,0,0
1,1,1,171,1,1,1,1,37,38,9,9,1,1,0,1,1,1,0,0,0,0,0,0,0,0,0,0,0,0,0,0,0,0,2,1,0
5,39,1,9991,0,1,0,1,37,37,9,9,3,0,0,0,1,1,1,3,0,0,1,2,1,2,0,0,1,3,1,2,2,3,0,1,0
4,39,1,9130,1,1,2,1,37,37,6,7,3,1,0,0,1,1,0,3,0,0,1,2,0,0,0,0,1,1,0,0,0,3,0,1,0
2,39,1,9003,1,1,3,1,1,41,9,3,3,0,0,1,0,1,0,3,0,0,2,1,0,0,0,0,2,0,0,0,0,2,1,2,0
1,17,1,9254,1,1,1,1,1,1,4,5,2,1,0,0,1,0,0,2,0,0,1,3,1,0,0,0,1,3,1,1,0,0,0,0,0
1,17,1,9254,1,1,1,1,38,37,4,9,2,1,0,0,0,0,0,0,0,0,2,0,0,0,0,0,2,0,0,0,0,2,3,0,0
1,1,1,9238,1,1,1,1,19,1,1,3,0,0,0,0,1,0,0,2,0,0,3,0,0,0,0,0,3,0,0,0,0,3,3,0,0
2,39,1,9085,1,19,0,1,37,37,90,90,0,0,0,0,0,1,0,3,0,0,1,1,0,0,0,0,1,1,0,0,0,2,3,0,0
1,44,1,9130,1,39,3,1,37,37,9,3,3,1,0,0,1,1,0,2,0,1,3,2,3,2,0,0,3,3,1,2,0,2,0,2,0
1,17,2,9119,1,1,0,1,10,12,9,9,1,1,0,0,1,1,0,1,0,0,1,1,1,0,0,0,1,1,0,0,0,1,1,2,0
1,39,1,9085,1,19,1,1,37,37,9,9,0,1,0,1,0,0,1,3,0,0,2,2,0,0,0,0,2,1,0,0,0,2,0,2,0
1,1,1,9556,1,1,3,103,5,3,1,1,3,1,0,0,1,0,0,0,1,0,3,2,1,1,0,0,3,2,0,0,0,3,0,1,0
4,39,1,9238,1,19,1,1,37,37,9,10,0,0,0,0,0,0,0,3,0,0,1,0,0,0,0,0,1,0,0,0,0,2,0,2,0
1,7,1,9003,1,3,2,1,3,19,2,10,3,0,0,0,0,1,0,3,0,0,2,3,2,3,0,1,2,2,1,1,0,3,3,0,0
2,39,1,8014,0,12,1,1,34,34,0,0,3,0,0,0,1,0,0,3,0,0,2,3,0,0,0,1,2,3,0,0,1,0,2,1,0
1,17,1,171,1,1,2,1,38,38,7,7,2,1,0,0,1,0,0,0,0,0,0,0,0,0,0,0,0,0,0,0,0,3,3,0,0
1,39,1,9991,0,1,1,1,37,37,9,9,3,0,0,0,1,1,0,3,0,0,1,1,0,0,0,0,1,1,0,0,0,1,1,3,0
1,39,1,9556,1,1,1,1,44,40,2,2,0,0,0,0,1,0,0,3,0,0,3,3,2,1,0,0,3,3,1,1,0,1,1,3,0
1,42,1,9119,1,1,1,1,19,37,9,3,3,0,0,1,1,1,0,2,0,0,1,1,0,0,0,1,2,1,1,3,0,2,0,2,0
1,44,1,9085,1,39,0,1,37,37,9,9,1,1,0,1,1,0,0,3,0,0,2,3,1,1,0,0,2,3,1,1,0,3,0,1,0
1,1,4,9119,1,1,1,1,3,19,2,9,1,1,0,0,1,1,0,0,0,0,1,1,2,2,0,0,1,2,1,2,0,0,1,3,0
1,39,1,9085,1,1,1,1,34,1,0,2,2,0,0,0,1,1,0,2,0,0,1,1,0,0,0,0,1,1,0,0,0,0,2,1,0
2,39,1,9003,1,1,1,1,19,19,4,4,0,0,0,0,0,0,0,3,0,0,2,0,0,0,0,0,2,0,0,0,0,3,3,0,0
1,1,1,9130,1,1,3,1,2,22,4,3,3,1,0,0,1,0,0,0,0,0,1,2,1,3,2,0,1,2,0,0,3,1,1,2,0
1,44,1,9003,1,39,1,1,1,1,3,10,2,0,0,0,1,1,0,2,0,2,3,3,2,1,2,2,3,3,3,1,0,3,3,0,0
1,17,4,9670,1,1,0,1,19,37,9,99,0,1,1,1,0,0,1,0,0,0,2,1,1,0,0,0,2,0,0,0,0,2,3,0,0
1,43,2,9670,1,1,0,1,38,19,4,3,0,1,0,0,1,0,0,1,0,2,1,1,2,1,0,0,1,3,1,0,0,1,1,2,0
5,39,1,9147,1,1,1,1,1,19,4,7,0,0,0,0,0,1,0,3,0,0,1,1,1,2,0,0,1,1,0,0,0,0,1,3,0
1,1,4,9254,1,1,0,1,37,37,9,7,0,1,0,0,1,0,0,2,0,0,2,3,1,0,0,0,2,3,1,0,0,1,1,2,0
1,39,1,9130,1,1,1,1,3,34,3,0,1,0,0,1,0,1,0,3,0,0,1,3,0,0,3,0,1,1,0,0,1,0,0,0,0
1,17,1,9670,1,3,0,1,12,3,5,8,0,1,0,1,0,0,0,1,0,0,2,1,0,0,0,0,2,2,0,0,0,1,1,2,0
1,39,1,9991,0,2,2,1,3,3,2,2,3,1,0,0,1,1,0,3,0,0,1,1,0,0,1,0,1,0,0,0,0,1,1,2,0
1,17,1,9853,1,1,1,1,38,12,7,0,0,0,0,0,0,0,1,1,0,0,1,3,1,1,0,0,1,3,1,0,0,0,2,1,0
1,39,1,9147,1,1,0,1,37,37,9,9,0,0,0,1,0,1,0,3,0,0,1,1,0,0,0,0,1,2,0,0,0,1,1,2,0
1,1,2,171,1,1,2,1,39,1,3,4,2,1,0,1,1,0,0,0,0,0,0,0,0,0,0,0,0,0,0,0,0,2,1,2,0
1,1,1,9085,1,1,0,1,3,1,2,5,0,0,0,0,1,1,0,0,0,0,1,1,0,0,0,0,1,1,0,0,0,0,2,1,0
1,43,1,9991,0,1,0,1,37,19,9,4,2,0,0,0,1,1,0,3,0,1,1,1,1,0,0,2,3,3,2,1,3,3,3,0,0
2,39,1,8014,0,1,1,1,34,34,90,90,0,0,0,0,0,0,0,3,0,0,2,3,1,1,0,0,2,3,0,0,1,1,1,2,0
2,39,1,9147,1,1,1,1,37,37,9,9,0,0,0,0,1,0,0,3,0,0,1,1,0,0,2,0,1,0,0,0,0,1,1,2,0
1,39,1,9254,1,1,1,1,1,1,9,6,0,1,0,1,0,0,0,2,0,0,2,3,2,1,0,0,2,3,1,0,0,0,1,3,0
2,39,1,9991,0,1,0,1,37,37,5,1,1,1,0,0,1,0,0,3,0,0,1,3,1,1,0,0,1,2,1,1,0,0,0,0,0
1,1,1,8014,0,1,1,1,34,34,0,0,3,0,0,0,1,0,0,3,0,0,2,0,0,0,0,0,2,0,0,0,0,0,2,1,0
1,7,1,9556,1,4,3,1,5,5,2,2,3,1,0,0,1,1,0,3,0,2,1,1,1,3,0,1,1,1,1,2,0,1,1,3,0
1,16,2,9147,1,1,1,1,37,37,9,9,3,1,0,0,1,1,0,1,0,0,1,2,1,0,0,0,1,2,1,1,0,0,2,1,0
1,39,1,9003,1,19,1,1,37,19,9,7,2,0,0,0,1,1,0,2,0,0,2,3,1,0,0,0,2,3,1,1,0,2,1,2,0
1,43,1,9991,0,1,0,1,3,19,1,1,0,0,0,0,0,1,0,3,0,0,1,1,0,0,0,0,1,1,0,0,0,1,1,2,0
1,39,1,8014,0,1,2,1,37,37,90,5,0,0,0,0,0,1,0,3,0,0,1,1,1,0,0,0,1,0,0,0,0,1,1,2,0
1,44,1,9003,1,39,1,1,37,37,9,10,2,0,0,0,1,1,0,2,0,0,2,1,0,0,0,0,2,2,0,0,0,3,3,0,0
1,17,1,9238,1,1,3,1,37,37,7,5,2,1,0,0,1,0,0,0,0,0,2,3,1,0,0,0,2,3,1,2,0,0,0,0,1
1,1,1,9085,1,1,3,1,38,38,4,9,2,0,0,0,1,1,1,0,0,0,2,2,3,3,0,0,2,2,1,3,0,1,1,3,1
1,17,2,9773,1,1,3,1,1,1,4,5,2,0,0,0,1,1,0,1,0,0,2,3,1,1,0,0,2,3,0,0,0,1,1,2,1
1,43,1,9119,1,1,2,1,37,38,5,7,3,0,0,0,1,1,0,3,0,0,1,3,1,3,0,0,1,3,1,3,0,2,0,2,1
1,39,1,9003,1,19,1,1,37,37,9,9,2,0,0,0,1,0,0,3,0,0,2,3,1,1,0,0,2,1,0,0,0,1,1,3,1
1,39,1,9085,1,12,1,1,34,34,99,99,2,0,0,1,0,1,0,3,0,0,1,1,0,0,0,0,1,1,0,0,0,0,2,1,1
1,39,1,9991,0,19,1,1,2,1,2,4,0,0,0,0,1,1,0,2,0,0,1,1,0,0,0,0,1,1,0,0,0,3,0,1,1
1,1,1,9119,1,1,1,1,12,1,4,10,1,1,0,0,1,1,0,0,0,0,1,3,0,0,0,0,1,3,1,3,3,0,2,1,1
1,1,1,171,1,1,2,1,19,37,7,7,1,1,0,0,0,0,0,0,0,0,0,0,0,0,0,0,0,0,0,0,0,1,1,2,1
1,39,1,8014,0,1,2,1,37,37,9,7,1,1,0,1,0,1,0,3,0,0,2,3,1,2,0,0,2,1,0,0,0,2,1,2,1
1,18,4,9085,1,1,3,1,1,1,4,5,3,0,0,1,0,0,1,1,0,1,1,2,1,3,1,0,1,1,1,3,0,2,3,0,1
1,1,5,9853,1,1,0,1,1,12,4,9,0,1,0,0,1,0,0,1,0,0,2,3,1,1,0,0,2,3,1,0,0,1,1,2,1
1,39,1,9003,1,1,0,1,1,1,9,4,1,0,0,1,0,1,0,3,0,0,2,0,0,0,0,0,2,0,0,0,0,2,0,2,1
1,17,3,9254,1,1,0,26,38,3,9,3,2,1,0,1,0,0,0,1,1,0,2,3,1,2,0,0,2,3,0,0,0,1,1,2,1
1,17,1,171,1,1,1,1,1,1,9,9,1,1,0,0,1,1,0,0,0,0,0,0,0,0,0,0,0,0,0,0,0,2,3,0,1
1,1,1,9085,1,1,1,1,9,19,4,1,2,1,0,0,1,0,0,1,0,0,1,3,0,0,3,0,1,1,0,0,3,0,0,0,1
1,7,1,9991,0,3,0,1,37,37,6,7,1,0,0,1,0,1,0,3,0,0,1,1,0,0,0,0,1,1,1,0,0,1,1,3,1
1,17,1,8014,0,1,1,1,19,37,4,7,0,0,0,0,1,0,0,2,0,0,2,3,1,1,0,0,2,3,0,0,0,1,1,2,1
1,1,1,171,1,1,1,1,1,37,7,7,1,0,0,0,1,1,0,2,0,0,0,0,0,0,0,0,0,0,0,0,0,1,1,3,0
1,1,1,9130,1,1,0,1,19,37,1,9,0,1,0,0,1,1,0,2,0,0,1,2,1,0,0,0,1,1,0,0,0,2,3,0,0
1,7,1,9238,1,3,1,1,1,1,4,10,1,0,0,1,0,0,0,3,0,0,2,2,0,0,0,0,1,1,0,0,0,3,0,1,0
2,43,1,9773,1,1,3,1,37,37,5,0,3,0,0,1,0,1,0,3,0,0,1,1,0,0,0,0,1,1,0,0,0,2,3,0,0
1,39,1,9130,1,10,1,1,12,36,90,90,2,0,0,0,0,1,1,3,0,0,1,3,0,0,3,0,1,1,0,0,3,0,0,0,0
2,39,1,8014,0,19,1,1,3,19,90,90,1,0,0,0,1,0,0,3,0,0,1,1,0,0,2,0,2,0,0,0,0,1,1,2,0
1,43,1,9670,1,1,3,1,34,34,99,99,0,0,0,0,0,1,0,3,0,2,3,3,3,1,0,2,3,2,1,2,0,0,2,1,0
1,39,2,9238,1,1,0,1,19,1,5,5,3,0,0,0,1,1,0,3,0,0,1,1,0,0,0,0,1,1,0,0,0,2,0,2,0
1,1,6,9773,1,1,1,1,1,1,90,90,2,0,0,0,1,0,0,2,0,0,2,0,0,0,0,0,2,0,0,0,0,0,2,1,0
1,43,1,9991,0,1,1,41,37,37,9,8,0,0,0,0,1,0,0,3,1,1,1,1,1,0,0,1,1,1,1,1,0,1,1,2,0
1,43,2,9670,1,1,1,1,19,1,4,4,2,1,0,0,1,1,0,2,0,2,2,1,2,1,0,0,2,3,1,1,0,1,1,2,0
4,39,1,9500,1,1,1,1,1,19,3,3,3,0,0,0,1,0,0,3,0,0,3,0,0,0,0,0,3,0,0,0,0,2,1,2,0
1,1,1,9085,1,1,3,1,37,37,4,9,2,1,0,1,1,0,0,3,0,2,1,3,1,2,3,1,1,3,1,2,0,2,3,0,0
1,43,1,9991,0,1,0,1,37,37,9,9,0,0,0,1,0,1,0,3,0,2,3,3,1,0,0,1,2,1,1,0,0,2,3,0,0
1,44,1,9085,1,39,1,1,37,38,9,6,2,1,0,0,1,0,0,2,0,0,2,2,0,0,0,0,2,2,0,0,0,1,1,3,0
1,17,2,9853,1,1,1,1,19,38,3,3,1,1,0,0,1,1,0,0,0,0,3,3,2,3,0,0,3,2,2,2,0,2,1,2,0
1,43,1,9119,1,1,1,1,37,38,9,9,1,0,0,1,0,0,0,3,0,3,3,3,3,1,0,3,3,3,2,1,2,0,2,1,0
1,39,1,8014,0,39,0,1,19,37,9,8,2,0,0,1,0,0,0,3,0,0,3,3,1,1,0,0,3,2,2,2,0,3,0,1,0
1,7,1,9085,1,3,0,1,37,37,7,7,1,0,0,0,1,0,0,3,0,2,3,3,1,1,3,2,3,3,1,1,2,3,3,0,0
1,17,1,9003,1,1,3,1,1,4,9,5,3,1,0,1,0,1,0,3,0,0,2,2,0,0,0,0,2,3,0,0,0,3,0,1,0
1,1,3,9085,1,1,1,1,38,1,9,9,2,1,0,0,1,0,1,0,0,0,1,2,1,3,2,0,1,2,1,1,0,0,0,0,0
1,7,1,9003,1,3,1,1,38,37,5,6,2,0,0,0,1,0,0,3,0,0,1,1,0,0,0,0,1,1,0,0,0,2,1,2,0
1,43,1,9254,1,1,3,1,38,38,9,9,1,0,0,0,1,0,1,0,0,0,2,0,0,0,0,0,2,3,1,0,0,1,1,2,0
2,39,1,9003,1,1,1,1,1,37,9,1,1,0,0,1,0,1,0,2,0,2,3,3,2,1,0,1,3,3,1,1,1,3,3,0,0
1,39,1,9500,1,1,2,1,37,37,9,9,3,0,0,0,1,1,0,3,0,0,3,0,0,0,0,0,3,0,0,0,0,2,1,2,0
1,1,1,9147,1,1,2,1,19,38,9,9,2,1,0,0,1,0,0,3,0,0,1,1,0,0,0,0,1,0,0,0,0,3,3,0,0
