Unnamed: 0,Marital Status,Application mode,Application order,Course,Daytime/evening attendance,Previous qualification,Previous qualification (grade),Nacionality,Mother's qualification,Father's qualification,Mother's occupation,Father's occupation,Admission grade,Displaced,Educational special needs,Debtor,Tuition fees up to date,Gender,Scholarship holder,Age at enrollment,International,Curricular units 1st sem (credited),Curricular units 1st sem (enrolled),Curricular units 1st sem (evaluations),Curricular units 1st sem (approved),Curricular units 1st sem (grade),Curricular units 1st sem (without evaluations),Curricular units 2nd sem (credited),Curricular units 2nd sem (enrolled),Curricular units 2nd sem (evaluations),Curricular units 2nd sem (approved),Curricular units 2nd sem (grade),Curricular units 2nd sem (without evaluations),Unemployment rate,Inflation rate,GDP,Target
3020,1,17,1,9130,1,1,1,1,19,9,5,3,1,0,0,0,1,0,0,0,0,0,1,2,1,1,0,0,1,1,2,2,0,0,2,1,2
2579,1,1,1,9238,1,1,3,1,37,37,9,9,3,0,0,0,1,0,0,0,0,0,2,1,2,2,0,0,2,1,2,2,0,1,1,2,2
1655,1,1,2,9085,1,1,0,1,38,1,9,3,1,1,0,0,1,0,0,1,0,0,1,3,2,2,2,0,1,1,2,2,0,0,0,0,2
3471,2,39,1,8014,0,19,0,1,38,19,0,10,0,0,0,1,0,0,0,2,0,0,2,2,3,2,0,0,2,1,3,3,0,0,2,1,2
3453,1,1,6,9500,1,1,3,1,37,38,9,9,2,1,0,0,1,0,1,0,0,0,3,2,3,2,0,0,3,2,3,2,0,2,3,0,2
393,1,17,2,9085,1,1,0,1,1,1,9,10,0,0,0,0,0,0,0,1,0,0,1,2,1,0,0,0,1,2,1,2,0,0,2,1,0
593,1,17,1,9670,1,1,3,1,1,19,4,8,2,1,0,0,1,0,0,1,0,0,1,2,1,2,0,0,1,3,1,2,0,2,3,0,1
737,1,17,2,9254,1,1,1,1,37,37,5,7,1,1,0,0,1,1,0,3,0,0,1,3,1,0,0,0,1,3,1,1,0,0,2,1,0
1557,1,17,1,9147,1,1,2,1,1,38,6,6,3,1,0,1,1,1,0,0,0,0,1,2,0,0,0,0,1,1,0,0,0,0,2,1,1
1973,1,17,1,9147,1,1,0,1,19,19,4,6,1,0,0,0,1,0,1,2,0,0,1,1,2,1,0,0,1,1,2,1,0,2,3,0,2
4051,1,17,4,9254,1,1,0,1,38,19,7,7,0,1,0,0,1,0,1,0,0,0,2,1,3,1,0,0,2,1,3,1,0,2,1,2,2
1703,1,1,1,9238,1,1,1,1,38,38,7,7,3,1,0,0,1,1,0,0,0,0,2,2,2,2,0,0,2,1,2,1,0,1,1,2,2
3276,1,51,1,33,1,1,1,1,19,19,9,9,0,0,0,0,1,0,0,3,0,3,3,3,3,1,0,3,3,3,2,1,0,1,1,3,0
419,1,1,4,9500,1,1,2,1,1,19,4,5,2,0,0,0,1,0,0,0,0,0,3,0,0,0,0,0,3,0,0,0,0,2,3,0,0
3371,1,1,6,9500,1,1,2,1,37,1,5,4,1,1,0,0,1,0,0,0,0,2,3,3,3,1,3,3,3,3,3,1,3,0,2,1,2
1310,1,53,1,9147,1,42,1,1,1,19,143,172,2,1,0,0,1,0,0,2,0,2,3,3,3,1,0,2,3,3,3,2,0,0,1,3,2
312,1,17,2,9147,1,1,3,1,19,19,4,8,2,0,0,0,1,0,1,0,0,0,1,1,1,1,0,0,1,1,1,1,0,1,1,3,2
115,1,43,1,9500,1,1,1,1,38,38,9,5,0,0,0,0,1,0,0,1,0,0,3,3,2,1,0,0,3,1,3,2,0,2,0,2,1
302,1,1,1,9500,1,1,3,1,19,19,4,9,3,0,0,0,1,0,1,0,0,0,3,2,3,3,0,0,3,2,3,3,0,3,3,0,2
3326,2,43,1,9991,0,1,2,1,37,37,9,9,2,1,0,0,1,1,0,3,0,2,3,3,3,2,0,3,3,3,3,1,0,0,0,0,2
1234,1,17,6,9500,1,1,3,1,1,37,1,1,2,1,0,0,1,0,0,0,0,0,3,2,3,3,0,0,3,2,3,3,0,1,1,2,2
1713,1,44,1,9085,1,39,2,1,1,3,9,4,3,0,0,1,0,0,0,2,0,1,2,3,1,2,0,1,2,3,1,1,0,2,1,2,1
3622,1,1,2,9238,1,1,2,1,19,37,9,9,3,1,0,0,1,0,1,0,0,0,2,1,3,2,0,0,2,1,3,3,0,1,1,2,2
4110,1,1,1,9500,1,1,3,1,38,19,9,5,3,1,0,0,1,0,1,1,0,0,3,2,3,3,0,0,3,2,3,3,0,1,1,2,2
941,1,1,1,9238,1,1,1,1,37,19,9,4,2,1,0,0,1,0,1,0,0,0,2,2,2,3,0,0,2,2,2,2,0,3,0,1,2
3366,1,1,1,9991,0,1,0,1,37,37,9,3,0,0,0,0,1,1,0,3,0,0,1,3,1,1,0,0,1,3,1,1,0,0,2,1,1
3607,1,43,1,171,1,1,3,1,19,19,9,4,1,0,0,0,1,1,0,2,0,0,0,0,0,0,0,0,0,0,0,0,0,2,0,2,1
3288,1,39,1,9991,0,1,3,1,1,37,4,6,1,0,0,0,1,1,0,2,0,0,1,1,1,0,0,0,1,1,2,1,0,0,0,0,2
2714,1,39,1,9085,1,1,0,1,1,1,5,5,3,1,0,1,1,0,0,3,0,0,2,1,2,3,0,0,2,1,2,3,0,2,0,2,0
4154,1,1,1,9853,1,1,0,1,37,19,6,7,0,1,0,0,1,0,0,0,0,0,3,3,1,1,0,0,3,3,1,0,0,0,0,0,0
3241,2,43,1,9238,1,12,0,1,37,37,9,9,2,0,0,0,1,0,0,3,0,3,3,3,3,1,2,3,3,3,3,2,0,0,2,1,2
3362,1,1,4,9147,1,1,0,1,1,1,9,7,0,1,0,0,1,0,1,0,0,0,1,2,2,1,0,0,1,3,2,1,0,0,1,3,2
2110,1,44,3,9085,1,39,3,1,1,19,4,1,3,1,0,0,1,0,0,0,0,0,1,3,1,2,1,0,1,2,1,3,0,2,3,0,1
583,1,1,1,9147,1,1,3,1,37,38,9,8,2,1,0,0,1,0,0,0,0,0,1,3,1,1,0,0,1,2,1,2,0,2,0,2,2
1795,1,1,3,9500,1,1,2,1,38,38,7,9,2,1,0,0,1,0,1,0,0,0,3,2,3,3,0,0,3,2,3,3,0,1,1,2,2
892,1,43,1,9500,1,1,3,1,37,37,9,9,2,1,0,0,1,0,1,2,0,0,3,2,3,3,0,0,3,2,3,3,0,2,3,0,2
2659,1,1,1,9254,1,1,0,1,37,37,3,3,1,0,0,0,1,1,1,0,0,0,2,1,2,0,0,0,2,1,2,1,0,1,1,3,0
4420,1,1,2,9773,1,1,0,105,1,1,9,9,1,1,0,1,0,0,0,0,1,0,3,1,3,1,0,0,3,1,1,1,0,1,1,3,0
4022,1,18,1,9147,1,1,3,1,19,19,5,8,3,1,0,0,1,0,1,0,0,0,1,1,2,2,0,0,1,2,2,1,0,1,1,2,2
4302,1,17,6,9147,1,1,1,1,37,37,9,9,0,1,0,0,1,1,0,2,0,3,3,3,3,0,0,3,3,3,3,1,0,0,2,1,0
982,1,1,1,9773,1,1,2,1,1,38,4,5,1,0,0,0,1,1,0,0,0,0,2,1,2,1,0,0,2,1,2,2,0,2,3,0,2
1275,1,17,2,9254,1,1,2,1,19,19,4,7,1,1,0,0,1,0,0,0,0,0,2,2,2,1,0,0,2,1,2,3,0,1,1,3,2
1386,1,43,1,9130,1,1,0,1,2,3,3,2,1,1,0,0,0,1,0,2,0,0,2,0,0,0,0,0,1,1,0,0,2,1,1,2,0
2892,1,1,2,9670,1,1,1,1,1,19,4,7,3,1,0,0,1,0,1,0,0,0,2,1,3,2,0,0,2,2,2,2,0,0,1,3,2
2664,2,39,1,9991,0,1,0,1,37,3,9,3,3,0,0,0,1,1,0,3,0,0,1,1,2,3,0,0,1,1,2,3,0,2,1,2,2
2639,1,1,2,171,1,1,2,1,19,19,4,7,3,1,0,0,1,1,0,2,0,3,3,3,3,2,0,3,3,3,3,1,0,1,1,3,2
230,1,1,2,9254,1,1,2,1,1,37,4,5,1,1,0,0,1,0,0,0,0,0,1,3,2,2,0,0,1,1,1,2,0,2,3,0,2
479,1,17,1,9238,1,1,1,1,38,19,191,175,1,1,0,0,1,0,1,2,0,0,1,2,1,2,0,0,1,1,1,1,0,0,1,3,1
2934,2,39,1,8014,0,12,1,1,34,34,0,0,3,0,0,0,1,0,0,3,0,0,2,3,0,0,0,1,2,3,0,0,1,0,2,1,0
3265,1,17,1,9238,1,1,0,1,1,38,144,181,1,0,0,0,1,0,1,0,0,0,2,2,3,1,0,0,2,1,3,2,0,2,1,2,2
1388,1,17,6,9119,1,1,1,1,37,13,4,90,0,1,0,0,1,1,0,0,0,0,1,3,0,0,0,0,1,1,0,0,0,0,2,1,0
1985,1,17,2,9254,1,1,0,1,37,37,9,7,0,1,0,0,1,0,1,1,0,0,2,3,1,1,0,0,2,3,1,1,0,2,3,0,2
412,1,1,3,9500,1,1,1,1,1,1,4,10,1,1,0,0,1,0,0,1,0,0,3,2,3,1,0,0,3,2,3,3,0,2,0,2,2
2389,1,39,2,9238,1,1,0,1,19,1,5,5,3,0,0,0,1,1,0,3,0,0,1,1,0,0,0,0,1,1,0,0,0,2,0,2,0
2597,1,43,1,171,1,1,3,1,19,38,9,9,0,0,0,0,1,0,1,0,0,0,0,0,0,0,0,0,0,0,0,0,0,2,0,2,0
3321,1,1,6,9147,1,1,3,1,38,37,7,7,2,0,1,0,1,1,0,2,0,0,1,0,0,0,0,0,1,0,0,0,0,1,1,2,0
3707,1,17,3,171,1,1,0,1,37,37,5,10,1,1,0,0,1,1,0,2,0,0,0,0,0,0,0,0,0,0,0,0,0,2,1,2,2
2547,1,1,5,9500,1,1,3,1,19,37,7,7,2,1,0,0,1,0,0,0,0,0,3,2,3,2,1,0,3,2,3,2,1,0,0,0,2
1529,1,10,1,9500,1,1,2,24,3,3,2,9,3,1,0,1,0,0,0,2,1,0,3,3,3,1,0,0,3,3,3,1,0,2,3,0,0
3222,1,1,1,9670,1,1,3,1,19,38,9,7,3,1,0,0,1,0,1,1,0,0,2,2,3,3,0,0,2,1,3,3,0,1,1,3,2
91,1,17,2,9773,1,1,1,41,19,1,9,9,0,1,0,0,0,0,0,2,1,0,1,1,2,3,0,0,1,1,2,3,0,0,1,3,2
4232,1,43,1,9670,1,1,2,1,1,38,4,4,1,0,0,1,0,0,0,0,0,0,3,3,1,0,0,0,3,1,1,2,0,3,3,0,0
1747,1,39,1,9003,1,1,1,1,19,1,9,6,1,1,0,0,0,1,0,3,0,0,2,1,0,0,0,0,2,2,0,0,0,3,3,0,0
3059,1,1,3,9500,1,1,2,1,19,37,9,9,1,1,0,0,1,0,1,0,0,0,3,2,3,3,0,0,3,2,3,3,0,1,1,2,2
2377,1,39,1,9147,1,1,0,1,37,37,9,9,0,0,0,0,0,1,0,3,0,0,1,2,0,0,1,0,1,1,0,0,0,0,0,0,0
2276,2,39,1,8014,0,19,1,1,37,37,6,6,3,0,0,0,1,1,0,3,0,0,2,2,2,1,0,0,2,2,2,3,0,2,1,2,2
1699,1,7,1,9500,1,3,1,1,37,37,90,90,2,1,0,0,1,1,0,3,0,0,3,2,0,0,3,0,3,2,0,0,3,0,0,0,0
2585,1,17,2,8014,0,1,0,1,37,34,0,0,0,1,0,0,1,0,0,0,0,0,2,2,2,1,0,0,2,1,2,1,0,0,2,1,2
364,1,1,4,9500,1,1,2,1,1,1,9,1,2,1,0,0,1,0,0,0,0,0,3,2,1,3,0,0,3,2,1,3,0,0,2,1,1
4202,1,17,1,171,1,1,0,1,1,1,7,3,3,1,0,0,1,0,0,1,0,0,0,0,0,0,0,0,0,0,0,0,0,3,3,0,1
2313,1,44,1,9130,1,39,3,1,37,37,6,6,3,1,0,0,1,1,0,2,0,0,1,1,1,3,0,0,1,1,2,3,0,1,1,2,2
2792,4,39,1,8014,0,1,1,1,37,37,7,7,3,0,0,0,1,1,0,3,0,2,3,3,3,1,0,1,3,2,3,1,0,2,3,0,2
289,1,39,1,9500,1,1,2,1,3,3,1,1,3,1,0,0,1,0,0,2,0,0,3,2,3,2,0,0,3,2,3,3,0,0,0,0,2
2182,1,43,1,9500,1,1,2,1,19,19,7,7,3,0,0,0,1,0,1,0,0,0,3,2,2,3,0,0,3,3,3,2,0,3,0,1,2
3851,4,39,1,9773,1,12,0,1,37,37,4,9,2,0,0,0,0,1,0,3,0,0,2,2,2,1,0,0,2,2,2,2,0,1,1,2,0
3906,1,1,2,9500,1,1,0,1,37,37,9,9,0,1,0,0,1,0,1,2,0,0,3,2,3,3,0,0,3,2,3,3,0,2,3,0,2
2205,1,44,1,9119,1,39,3,1,1,1,9,8,3,0,0,0,1,1,1,1,0,2,3,3,2,3,0,1,2,3,2,3,0,2,1,2,1
2605,2,44,1,9085,1,39,3,1,37,37,192,192,3,0,0,0,1,0,0,3,0,0,1,3,1,3,3,0,1,2,2,1,1,0,0,0,2
4199,1,1,1,9500,1,1,1,1,38,38,5,5,1,1,0,0,1,0,1,1,0,0,3,2,3,2,0,0,3,2,3,2,0,1,1,2,2
3675,1,17,1,9070,1,1,0,1,38,19,9,3,0,1,0,0,1,0,0,2,0,0,2,1,3,2,0,0,2,1,3,2,0,0,2,1,2
958,1,1,1,9147,1,1,3,1,1,19,5,5,3,1,0,0,1,1,1,0,0,0,1,1,1,2,0,0,1,1,1,2,0,3,0,1,2
2771,1,1,4,9500,1,1,2,1,37,37,9,9,2,1,0,0,1,0,0,0,0,0,3,2,3,2,0,0,3,2,3,2,0,0,0,0,2
2736,1,17,4,9500,1,1,2,1,1,37,9,9,2,1,0,0,1,0,1,0,0,0,3,1,3,2,0,0,3,2,3,3,0,2,0,2,2
2709,4,39,1,9556,1,1,3,1,19,3,9,2,2,0,0,0,1,0,0,2,0,0,3,3,3,1,0,0,3,3,3,1,0,2,3,0,1
2392,1,1,1,9147,1,1,2,1,38,19,9,5,2,0,0,0,1,1,0,0,0,0,1,3,1,3,0,0,1,3,1,2,0,0,1,3,1
658,1,43,1,9070,1,1,3,1,1,19,5,10,2,0,0,0,1,0,0,1,0,0,1,1,1,2,0,0,1,2,1,2,0,2,3,0,2
4126,1,1,3,9085,1,1,2,1,38,19,9,5,2,0,0,0,1,0,0,0,0,0,1,2,1,1,0,0,1,2,1,3,0,0,2,1,1
4217,1,1,2,9773,1,1,1,1,1,2,9,3,2,1,0,0,1,0,1,0,0,0,3,2,3,2,0,0,3,1,3,3,0,0,0,0,2
3714,1,39,1,9670,1,12,1,1,37,1,9,3,1,0,0,1,0,1,0,3,0,0,2,3,0,0,0,0,2,1,0,0,0,3,3,0,0
1676,1,17,1,9556,1,1,2,1,3,3,1,7,2,1,0,0,1,1,0,0,0,0,3,0,0,0,0,0,3,0,0,0,0,1,1,3,0
4164,1,43,3,171,1,1,2,1,37,38,7,7,3,1,0,0,1,0,0,2,0,0,0,0,0,0,0,0,0,0,0,0,0,0,0,0,0
2226,1,1,1,9670,1,1,0,1,3,3,3,3,0,1,0,0,1,1,0,0,0,0,2,2,2,2,0,0,2,1,2,2,0,2,1,2,2
2472,1,1,1,9670,1,1,0,1,1,1,9,9,2,1,0,0,1,1,0,0,0,0,2,1,1,1,0,0,2,3,1,0,0,1,1,2,0
3652,1,17,1,9556,1,1,1,1,38,37,9,9,1,1,0,0,1,0,1,0,0,0,3,2,3,2,0,0,3,2,3,3,0,3,3,0,2
3570,1,17,2,9070,1,1,0,1,1,19,144,144,0,1,0,0,1,1,0,0,0,0,2,2,2,1,0,0,2,3,1,1,0,0,1,3,2
2524,1,17,4,9238,1,1,1,1,1,19,9,5,0,1,0,0,1,0,1,0,0,0,2,3,2,1,0,0,2,1,0,0,0,3,3,0,0
609,1,43,3,9500,1,1,1,1,38,37,6,5,1,1,0,0,1,0,1,0,0,0,3,2,1,1,0,0,3,2,1,1,0,0,2,1,1
74,1,1,2,9773,1,1,3,1,38,38,9,9,2,1,0,0,1,1,0,0,0,0,1,2,2,2,0,0,1,3,1,2,0,1,1,2,2
1539,2,39,1,9119,1,3,0,1,37,37,4,7,1,0,0,0,0,0,0,3,0,0,1,1,0,0,0,0,1,1,0,0,0,2,3,0,0
964,1,1,1,9773,1,1,0,1,1,3,3,7,0,1,0,0,1,1,1,0,0,0,2,1,2,1,0,0,2,3,1,0,0,2,1,2,2
3823,1,44,1,9130,1,39,1,1,38,19,9,9,3,0,0,0,1,1,0,2,0,1,2,2,1,1,0,1,2,2,1,3,0,1,1,3,0
2107,1,1,1,9773,1,1,2,1,37,37,9,9,3,1,0,0,1,0,0,0,0,0,2,1,2,2,0,0,2,2,2,2,0,0,0,0,2
790,1,17,1,9773,1,1,2,1,1,19,9,9,1,0,0,0,1,0,1,0,0,0,1,1,2,2,0,0,2,1,2,3,0,1,1,3,2
3610,1,44,1,9119,1,39,1,1,38,19,9,5,2,1,0,0,1,1,0,0,0,0,1,2,1,2,0,0,1,3,1,1,0,2,1,2,1
3215,1,1,6,9254,1,1,0,1,3,1,2,2,0,1,0,0,1,1,1,2,0,0,2,1,3,3,0,0,2,1,3,2,0,2,1,2,2
4313,1,43,1,9853,1,1,1,1,2,39,2,5,1,0,0,0,1,1,0,3,0,3,3,3,3,2,0,3,3,3,3,2,0,2,1,2,2
2885,1,39,1,8014,0,2,1,1,37,37,5,7,3,0,0,0,1,0,0,3,0,3,3,3,3,3,0,3,3,2,3,3,0,2,3,0,2
3181,1,39,1,9130,1,19,1,1,19,3,9,2,3,1,0,1,1,1,0,2,0,0,2,3,2,2,0,0,2,3,1,2,0,3,0,1,0
3611,1,17,1,9670,1,1,0,1,1,1,4,4,0,1,0,0,1,1,0,1,0,0,2,2,3,3,0,0,2,2,3,3,0,0,1,3,2
241,1,16,1,171,1,1,3,1,3,3,3,3,3,1,0,0,1,0,0,2,0,3,3,3,3,2,0,3,3,3,3,3,0,2,1,2,1
491,1,1,1,9670,1,1,0,1,37,37,5,5,1,0,0,0,1,0,0,0,0,0,1,1,2,3,0,0,1,1,2,2,0,2,1,2,2
55,1,1,1,9500,1,1,1,1,1,19,5,5,2,1,0,0,1,0,0,0,0,0,3,2,3,2,0,0,3,3,3,3,0,3,3,0,2
1522,1,17,1,9085,1,1,1,1,19,1,9,4,0,1,0,0,1,1,0,1,0,0,2,3,1,2,0,0,2,3,0,0,0,2,1,2,0
3905,4,39,1,9254,1,1,0,1,37,37,9,8,0,0,0,0,1,0,1,3,0,0,2,3,3,0,0,0,2,3,1,1,0,1,1,2,2
2806,1,18,2,9773,1,1,1,24,37,19,9,7,1,1,0,0,1,0,1,2,1,0,2,2,2,1,0,0,2,1,2,1,0,0,0,0,2
839,1,1,1,9147,1,1,0,1,38,1,3,10,0,1,0,0,1,1,0,0,0,0,1,1,1,3,0,0,1,1,1,2,0,0,0,0,2
3941,1,39,1,9853,1,19,1,1,19,4,9,4,0,1,0,0,1,0,0,3,0,0,3,3,0,0,0,0,2,1,0,0,0,1,1,3,0
1877,1,1,5,9500,1,1,3,1,37,19,4,4,1,1,0,0,1,1,0,0,0,0,3,0,0,0,0,0,3,0,0,0,0,0,2,1,0
1395,1,17,1,9254,1,1,0,1,12,1,9,3,0,1,0,0,1,0,1,0,0,0,2,2,2,1,0,0,2,1,2,1,0,2,1,2,2
4252,2,1,1,9991,0,1,3,1,19,19,9,9,3,0,0,0,1,0,0,3,0,0,1,1,2,1,0,0,1,1,2,1,0,0,2,1,2
3372,1,17,2,9254,1,1,1,1,1,19,9,9,2,1,0,0,1,0,1,0,0,0,2,1,3,2,0,0,2,1,3,2,0,2,0,2,2
4286,1,1,1,9085,1,1,2,1,37,19,9,9,3,1,0,0,1,1,0,1,0,0,1,2,2,2,0,0,1,3,1,3,2,1,1,2,2
2061,1,17,5,9556,1,1,2,1,19,19,9,8,1,1,0,0,1,0,1,0,0,0,3,2,3,2,0,0,3,2,3,3,0,1,1,2,2
1441,1,1,1,171,1,1,0,1,1,1,9,9,2,1,0,0,1,1,0,2,0,3,3,3,3,1,0,3,3,3,3,1,0,2,1,2,2
2689,1,17,1,9773,1,1,3,1,1,38,90,8,2,1,0,0,0,1,0,2,0,0,2,3,1,1,0,0,2,0,0,0,0,1,1,2,0
2898,1,18,6,9500,1,1,2,1,3,19,3,8,2,1,0,0,1,0,0,2,0,0,3,2,3,2,0,0,3,2,3,2,0,2,3,0,2
3263,1,1,2,9085,1,1,3,1,37,1,9,9,3,1,0,0,1,0,1,0,0,0,1,1,1,3,0,0,1,1,2,3,0,1,1,2,2
96,1,1,5,9773,1,1,2,1,37,1,5,5,1,1,0,0,1,0,0,0,0,0,1,1,2,3,0,0,1,1,2,2,0,0,1,3,2
3151,1,1,1,171,1,1,3,1,3,1,4,4,3,1,0,1,0,0,0,0,0,0,0,0,0,0,0,0,0,0,0,0,0,2,1,2,0
2191,1,1,6,9500,1,1,2,1,4,19,2,3,1,1,0,0,1,1,0,0,0,0,3,0,0,0,0,0,3,0,0,0,0,3,0,1,0
3982,1,17,1,9500,1,1,1,1,1,19,4,3,1,1,0,0,1,0,0,0,0,0,3,3,2,2,0,0,3,3,3,1,0,3,3,0,2
1385,1,1,1,9130,1,1,0,1,19,37,1,9,0,1,0,0,1,1,0,2,0,0,1,2,1,0,0,0,1,1,0,0,0,2,3,0,0
1556,1,1,1,9119,1,1,1,1,37,19,9,5,3,1,0,0,1,1,0,1,0,0,1,1,0,0,0,0,1,0,0,0,0,0,0,0,0
1,1,15,1,9254,1,1,3,1,1,3,3,3,3,1,0,0,0,1,0,0,0,0,1,1,2,3,0,0,1,1,2,3,0,2,0,2,2
2802,1,1,1,9773,1,1,3,1,19,37,4,7,3,0,0,0,1,0,1,0,0,0,2,1,2,3,0,0,2,1,2,3,0,2,0,2,2
3809,2,39,1,8014,0,1,0,1,34,34,0,0,0,0,0,0,1,0,0,3,0,0,2,2,1,2,0,0,2,3,2,2,0,0,2,1,0
3380,1,39,1,9500,1,1,1,1,19,19,9,8,0,0,0,0,1,0,0,3,0,0,3,3,1,3,0,0,3,3,1,1,0,2,0,2,0
1263,2,39,1,9853,1,1,1,1,37,19,7,3,3,0,0,1,1,0,1,3,0,0,2,1,2,3,0,0,2,3,2,3,0,0,0,0,2
2564,1,1,1,9254,1,1,3,41,37,37,5,5,3,1,0,0,1,0,1,1,1,0,2,1,2,3,0,0,2,1,2,2,0,1,1,2,2
988,1,1,1,9238,1,1,1,1,2,2,3,4,0,1,0,0,1,1,0,0,0,0,2,3,1,1,0,0,2,3,1,0,0,1,1,3,0
2587,1,1,4,9147,1,1,1,1,1,19,4,6,0,1,0,0,1,0,0,2,0,0,1,3,1,0,0,0,1,3,1,1,0,2,3,0,1
2925,1,1,1,9773,1,1,3,1,37,37,9,7,3,0,0,0,1,0,1,0,0,0,2,1,3,3,0,0,2,1,2,3,0,3,0,1,2
1113,1,39,1,9991,0,1,0,1,38,38,3,3,3,0,0,0,1,0,0,2,0,0,1,3,1,0,0,0,1,3,1,1,0,3,3,0,1
838,1,44,1,9130,1,39,3,1,3,1,2,8,3,0,0,0,0,1,0,2,0,0,1,1,0,0,0,0,1,1,0,0,0,2,3,0,0
1074,1,1,1,9238,1,1,1,1,37,37,9,5,3,0,0,0,1,0,0,0,0,0,2,3,1,2,0,0,2,1,2,2,0,0,0,0,2
1480,1,53,1,9085,1,42,3,1,1,1,9,4,3,1,0,0,1,1,1,2,0,1,3,3,2,1,0,2,3,3,2,3,0,0,1,3,0
1852,1,1,1,9147,1,1,1,1,3,19,3,3,0,0,0,0,1,1,0,0,0,0,1,1,2,2,0,0,1,3,2,1,3,3,0,1,2
1934,1,1,4,9500,1,1,1,1,19,38,9,9,1,1,0,0,1,0,1,0,0,0,3,1,2,2,0,0,3,3,3,2,0,2,1,2,2
1425,1,1,1,171,1,1,2,1,19,19,5,5,2,1,0,0,1,0,1,0,0,0,0,0,0,0,0,0,0,0,0,0,0,1,1,2,2
2537,1,1,1,9670,1,1,1,1,19,19,7,7,1,0,0,0,1,0,0,0,0,0,2,1,2,3,0,0,2,1,2,3,0,2,1,2,2
1128,1,1,1,9147,1,1,3,1,37,37,9,6,3,0,0,0,1,0,1,0,0,0,1,1,1,3,0,0,1,1,2,3,0,2,1,2,2
2035,1,42,1,9500,1,1,0,1,3,19,2,8,3,0,0,0,1,1,0,2,0,2,2,1,1,3,0,2,3,2,1,3,0,3,3,0,1
4253,1,18,2,9853,1,1,0,1,19,37,9,4,0,1,0,1,0,0,0,0,0,0,3,3,2,1,0,0,3,3,0,0,0,2,1,2,0
409,4,39,1,9085,1,1,1,1,34,34,0,0,2,0,0,0,1,0,0,2,0,0,1,1,0,0,0,0,1,1,0,0,0,0,2,1,0
2881,1,43,1,9238,1,1,0,1,19,19,5,5,0,1,0,0,1,0,0,2,0,2,3,3,3,0,0,1,3,3,2,1,0,0,0,0,1
4272,1,1,1,9500,1,1,1,1,1,19,9,9,2,0,0,0,1,1,1,0,0,0,3,2,3,2,0,0,3,2,3,2,0,2,3,0,2
875,1,1,1,9500,1,1,2,1,38,38,9,9,2,0,0,0,1,1,1,0,0,0,3,2,3,3,0,0,3,3,3,2,0,3,3,0,2
3116,1,1,5,9500,1,1,3,1,37,37,7,9,2,1,0,1,0,0,0,0,0,0,3,0,0,0,0,0,3,0,0,0,0,0,0,0,0
292,1,44,1,9003,1,39,2,1,37,37,9,4,3,0,0,0,1,0,0,2,0,0,1,3,2,1,0,0,1,3,1,2,0,2,1,2,1
31,1,51,1,9070,1,1,0,1,42,3,125,124,2,1,0,0,1,1,0,1,0,1,1,1,2,2,0,0,1,2,1,3,0,0,1,3,2
4359,1,1,4,9238,1,1,1,1,1,19,4,5,1,1,0,0,1,0,0,0,0,0,3,1,3,2,0,0,3,2,2,3,0,0,1,3,2
2665,2,39,1,9773,1,1,0,1,37,37,9,10,3,0,0,1,0,1,0,3,0,0,2,3,1,0,0,0,2,3,1,2,0,1,1,2,0
4298,1,39,1,9991,0,39,3,1,19,19,9,9,3,0,0,0,1,1,0,2,0,0,1,2,1,1,0,0,1,1,0,0,0,1,1,2,0
234,1,1,1,9147,1,1,1,1,37,1,9,10,0,0,0,0,1,0,0,2,0,0,1,3,1,1,0,0,1,3,1,3,3,3,0,1,0
3023,1,1,2,171,1,1,3,1,38,19,9,9,3,1,0,0,1,0,1,2,0,0,0,0,0,0,0,0,0,0,0,0,0,1,1,3,2
4107,1,1,6,9500,1,1,1,1,37,19,9,7,2,1,0,0,1,0,0,0,0,0,3,3,3,3,2,0,3,3,3,3,2,0,0,0,0
2936,1,44,1,9085,1,1,3,1,29,10,6,6,3,1,0,0,1,0,0,2,0,0,2,0,0,0,0,0,2,0,0,0,0,1,1,2,0
4048,1,1,1,9500,1,1,1,1,38,37,9,7,1,1,0,0,1,0,1,1,0,0,3,2,3,3,0,0,3,2,3,3,0,1,1,2,2
2241,2,39,1,9991,0,1,1,1,37,37,9,9,2,0,0,0,1,1,0,3,0,0,1,1,1,0,0,0,1,1,1,1,0,0,2,1,1
407,1,39,1,9991,0,40,2,1,1,19,9,9,3,0,0,0,1,0,0,3,0,0,1,1,1,3,0,0,1,1,1,3,0,0,1,3,2
816,1,17,1,9070,1,1,2,1,1,37,4,5,2,0,0,0,1,0,0,1,0,0,2,1,2,2,0,0,2,2,2,1,0,1,1,2,1
3432,1,1,1,9773,1,1,3,1,38,38,9,7,3,1,0,0,1,0,1,0,0,0,2,1,3,3,0,0,2,1,3,3,0,2,3,0,2
421,1,42,1,9991,0,1,3,1,1,2,4,3,1,0,0,0,1,0,0,3,0,2,3,2,3,3,0,1,1,1,1,3,0,0,2,1,2
2684,1,7,1,9003,1,3,1,1,1,19,5,9,2,0,0,0,1,1,0,3,0,0,2,2,0,0,0,0,2,3,0,0,0,3,0,1,0
1199,1,7,1,9085,1,40,2,1,1,19,5,5,3,1,0,0,1,0,0,2,0,0,2,1,2,3,0,0,2,2,2,3,0,2,1,2,2
1853,1,44,1,9003,1,39,3,1,3,3,2,10,3,1,0,0,1,1,0,1,0,0,2,1,2,3,0,0,2,1,2,3,0,2,1,2,2
867,1,39,1,9119,1,19,1,1,37,38,3,7,0,0,0,0,1,1,1,3,0,0,1,1,0,0,0,0,1,1,0,0,0,2,1,2,0
301,1,1,2,9085,1,1,0,1,38,37,9,9,0,1,0,0,1,0,1,2,0,0,1,1,1,1,0,0,1,1,1,1,0,1,1,2,2
2929,1,1,3,9500,1,1,2,1,1,1,4,4,2,1,0,0,1,0,0,0,0,0,3,3,1,3,3,0,3,3,1,3,3,0,0,0,1
3961,1,42,1,9500,1,1,3,1,37,1,9,4,2,1,0,0,1,0,0,2,0,3,3,3,3,3,0,3,3,3,3,3,0,3,3,0,2
1624,1,42,1,9853,1,1,0,1,1,19,4,7,0,0,0,0,1,0,0,2,0,3,3,3,3,1,0,3,3,3,3,0,0,3,0,1,0
4209,1,1,1,9147,1,1,3,103,37,37,9,9,2,0,0,0,1,1,0,1,1,0,1,1,2,3,0,0,1,2,2,2,0,0,0,0,2
2560,1,17,5,9853,1,1,3,1,3,19,2,7,2,1,0,0,1,0,0,0,0,0,2,1,2,3,0,0,2,2,2,2,0,0,2,1,2
4257,1,17,5,9670,1,1,0,1,1,19,5,5,0,0,0,0,1,0,0,2,0,0,1,2,1,2,0,0,1,1,1,2,2,0,2,1,1
3365,1,1,1,9238,1,1,1,1,34,37,5,5,1,0,0,0,0,0,0,2,0,0,2,3,1,1,0,0,2,3,1,2,0,0,0,0,0
942,2,39,1,9238,1,19,1,1,37,37,9,9,2,1,0,0,1,0,0,3,0,0,2,3,0,0,0,0,1,3,0,0,0,0,0,0,1
1998,1,39,1,8014,0,1,2,1,37,38,4,7,0,1,0,0,1,0,0,2,0,0,2,3,1,0,0,0,2,3,0,0,0,0,0,0,0
1402,1,1,1,9085,1,1,2,1,12,1,1,90,3,0,0,0,1,0,0,2,0,0,1,1,2,3,0,0,1,1,2,3,0,0,2,1,2
4414,1,1,1,9130,1,1,2,1,3,38,3,5,2,1,0,0,1,0,0,0,0,0,1,1,2,1,2,0,1,2,2,1,0,0,0,0,2
2447,2,39,1,9254,1,19,1,1,37,19,9,10,3,0,0,0,1,1,0,3,0,3,3,3,1,3,3,2,3,3,1,0,3,3,0,1,2
2484,2,39,1,9147,1,1,0,1,37,37,9,5,3,0,0,0,1,1,0,3,0,0,1,1,2,3,0,0,1,1,2,3,0,3,3,0,2
1832,1,17,2,9147,1,1,2,1,37,19,9,8,2,1,0,0,1,0,1,0,0,0,1,2,2,1,0,0,1,3,2,1,3,3,0,1,2
2336,1,43,1,9991,0,1,0,1,37,19,9,4,2,0,0,0,1,1,0,3,0,1,1,1,1,0,0,2,3,3,2,1,3,3,3,0,0
272,1,17,1,9147,1,1,0,1,12,19,4,8,0,1,0,0,1,0,0,1,0,0,1,3,1,3,0,0,1,2,1,2,0,2,0,2,2
2175,1,1,1,171,1,1,3,1,19,38,9,1,3,1,0,0,1,0,0,0,0,0,0,0,0,0,0,0,0,0,0,0,0,0,0,0,2
2422,1,39,1,9003,1,1,0,1,37,37,9,9,3,1,0,0,1,1,0,3,0,0,2,2,2,3,0,0,2,3,2,1,0,2,0,2,2
2114,1,17,1,9853,1,1,3,1,38,37,5,5,3,1,0,0,1,0,0,0,0,0,2,2,2,0,0,0,2,2,1,1,0,1,1,2,0
2782,1,43,1,9773,1,1,0,1,19,37,5,5,0,1,0,0,1,0,0,2,0,0,2,3,1,1,0,0,2,1,1,1,0,3,0,1,1
2299,1,39,1,9254,1,39,2,1,1,1,5,10,1,0,0,0,0,1,0,3,0,0,2,0,0,0,0,0,2,0,0,0,0,3,0,1,0
3791,1,44,1,9130,1,39,1,1,3,1,3,6,2,1,0,1,1,1,0,1,0,1,2,2,1,0,0,1,2,3,1,0,0,2,1,2,0
606,1,17,1,9130,1,1,0,1,19,3,3,2,1,1,0,1,1,0,1,0,0,0,1,1,0,0,0,0,1,1,0,0,0,0,2,1,0
671,1,42,1,8014,0,1,0,1,37,38,90,7,1,1,0,0,1,0,0,3,0,3,3,3,3,3,1,2,3,1,3,3,0,0,2,1,0
3778,1,44,1,9085,1,39,3,1,1,1,4,4,3,1,0,0,1,0,0,2,0,1,2,3,1,2,0,1,2,3,1,3,0,2,1,2,1
2390,2,39,1,9003,1,1,1,1,1,37,9,1,1,0,0,1,0,1,0,2,0,2,3,3,2,1,0,1,3,3,1,1,1,3,3,0,0
2331,1,39,1,9003,1,1,1,1,19,37,9,7,0,1,0,0,1,1,0,3,0,0,2,2,0,0,0,0,2,3,0,0,0,3,0,1,0
3304,1,44,1,8014,0,39,3,1,1,37,9,7,3,0,0,0,1,0,1,2,0,2,2,1,3,3,0,1,2,1,3,3,0,2,1,2,2
3502,1,15,1,9670,1,1,3,1,37,12,9,9,3,1,0,0,0,1,0,0,0,0,2,1,3,2,0,0,2,2,3,2,0,2,0,2,2
2275,1,1,2,9991,0,1,0,1,1,3,4,2,0,0,0,0,0,1,0,2,0,0,1,1,1,1,0,0,1,2,1,0,2,0,2,1,0
1382,1,7,1,9003,1,3,0,1,1,19,4,1,1,1,0,0,1,1,0,3,0,3,3,3,3,1,0,3,3,3,3,1,1,3,3,0,2
3623,1,18,6,8014,0,1,2,1,3,19,2,4,1,1,0,0,1,0,0,2,0,0,2,2,1,0,0,0,2,1,0,0,0,2,0,2,0
3862,1,1,1,9773,1,1,2,1,19,38,9,9,2,0,0,0,1,1,1,0,0,0,2,1,2,1,0,0,2,1,3,2,0,2,3,0,2
1499,1,44,1,9003,1,39,3,1,1,38,4,4,3,1,0,0,1,1,1,1,0,0,2,2,2,3,0,0,2,2,2,2,0,2,0,2,2
2340,1,39,1,9003,1,1,0,1,37,37,9,10,0,1,0,0,0,1,0,3,0,0,2,0,0,0,0,0,2,0,0,0,0,3,3,0,0
628,1,17,2,9773,1,1,0,1,1,38,5,6,0,1,0,0,1,0,0,0,0,0,1,1,2,2,0,0,1,1,2,3,0,2,1,2,2
947,1,17,2,9773,1,1,1,1,3,5,0,2,1,1,0,0,0,1,1,2,0,0,1,2,0,0,0,0,1,2,0,0,0,0,2,1,0
2332,1,39,1,9003,1,1,1,1,1,19,4,10,3,0,0,0,1,1,0,3,0,0,2,3,2,2,0,0,2,3,2,2,0,2,1,2,2
603,1,39,1,8014,0,1,0,1,1,1,4,4,3,0,0,0,1,0,0,3,0,0,1,1,2,2,0,1,1,1,2,2,0,3,3,0,2
2674,1,17,1,9670,1,1,2,1,19,37,5,5,1,1,0,0,1,1,1,0,0,0,2,1,1,3,0,0,2,3,2,1,0,1,1,2,2
621,1,17,2,9147,1,1,0,1,1,38,4,3,0,1,0,0,1,0,0,0,0,0,1,3,1,0,0,0,1,3,1,0,0,2,0,2,0
741,1,1,1,9254,1,1,2,1,3,3,2,2,2,0,0,0,1,1,0,0,0,0,1,1,2,3,0,0,1,1,2,2,0,0,1,3,2
191,1,1,1,8014,0,1,0,1,1,37,7,3,1,0,0,0,1,0,0,2,0,0,1,3,1,0,0,0,1,3,1,0,0,0,0,0,1
2450,1,1,1,171,1,1,1,1,1,38,5,9,1,0,0,1,0,1,0,0,0,0,0,0,0,0,0,0,0,0,0,0,0,0,0,0,1
1207,2,39,1,9003,1,19,1,1,19,37,9,10,1,0,0,1,1,0,0,3,0,0,2,3,2,2,0,0,2,3,2,2,0,3,0,1,1
2385,1,44,1,9070,1,39,2,1,19,38,4,0,3,1,0,0,1,1,0,2,0,0,2,1,2,3,0,0,2,2,2,1,0,2,1,2,2
3799,2,39,1,9085,1,12,1,1,1,39,5,3,3,1,0,1,0,0,0,3,0,0,2,2,0,0,0,0,2,1,0,0,0,2,0,2,0
1571,1,39,1,9003,1,19,1,1,37,37,9,10,1,0,0,1,0,1,0,3,0,0,2,2,0,0,0,0,2,3,0,0,0,3,0,1,0
680,1,17,2,9254,1,1,0,41,19,38,9,9,1,1,0,0,1,0,0,2,1,0,1,1,2,0,0,0,1,1,2,0,0,2,0,2,2
2753,1,43,1,9991,0,1,0,1,38,38,9,7,3,0,0,0,1,1,1,3,0,2,3,3,3,3,0,3,3,3,3,2,0,1,1,2,2
4410,1,1,1,9070,1,1,0,1,37,19,9,4,1,0,0,0,1,1,1,1,0,1,3,2,3,3,0,1,3,3,2,2,0,1,1,2,2
1781,1,1,5,9070,1,1,1,1,1,19,3,3,0,1,0,0,1,1,1,2,0,0,2,1,2,3,0,0,2,1,2,1,0,1,1,3,2
4393,1,39,1,9991,0,1,0,1,38,38,5,7,3,0,0,0,1,0,0,3,0,0,1,3,1,2,0,0,1,3,1,0,0,1,1,3,2
3777,1,1,1,9070,1,1,1,1,19,2,7,3,2,1,0,0,1,0,0,0,0,0,2,1,3,2,0,0,2,1,3,2,0,3,3,0,2
2055,1,1,1,9070,1,1,1,41,37,19,9,8,1,1,0,0,1,0,1,0,1,0,2,1,2,3,0,0,2,1,2,3,0,1,1,3,2
1029,1,1,4,9500,1,1,2,1,1,1,9,9,1,1,0,0,1,0,1,0,0,0,3,2,3,2,0,0,3,2,3,2,0,2,3,0,2
1888,1,10,1,9085,1,1,3,22,2,19,2,8,3,0,0,0,1,0,0,0,1,0,2,2,2,3,0,0,2,3,2,3,0,1,1,3,2
510,1,1,2,9070,1,1,0,1,4,1,2,3,1,1,0,0,1,0,0,0,0,0,1,2,1,0,0,0,1,2,0,0,0,0,0,0,1
3227,1,44,1,9085,1,39,3,1,19,38,194,193,3,1,0,0,1,0,0,2,0,0,2,3,1,1,0,0,2,3,1,1,0,0,1,3,1
2121,1,1,1,9147,1,1,2,1,1,38,5,5,1,0,0,1,1,0,0,0,0,0,1,3,2,0,0,0,1,2,1,2,0,2,0,2,2
1012,1,17,1,9147,1,1,2,1,1,38,4,5,3,0,0,0,1,0,1,0,0,0,1,1,1,3,0,0,1,2,2,1,0,2,3,0,2
4369,1,1,1,9500,1,1,2,1,2,2,3,3,1,1,0,0,1,1,0,0,0,0,3,2,3,1,0,0,3,2,3,1,0,0,2,1,1
3520,1,43,1,9991,0,4,3,1,3,3,2,1,1,0,0,0,1,1,0,3,0,0,1,2,2,2,0,0,1,2,2,3,0,2,0,2,2
1797,1,1,3,9085,1,1,1,1,38,1,9,9,2,1,0,0,1,0,1,0,0,0,1,2,1,3,2,0,1,2,1,1,0,0,0,0,0
4261,2,43,1,9991,0,2,0,1,37,37,9,9,1,0,0,0,0,0,0,3,0,3,3,3,3,1,3,3,3,3,3,2,0,0,0,0,0
133,1,17,6,9500,1,1,3,1,1,19,3,3,2,1,0,0,1,0,0,0,0,0,3,2,1,3,0,0,3,1,0,0,0,2,0,2,0
464,1,17,1,9238,1,1,3,1,1,1,4,9,2,0,0,0,1,0,0,1,0,0,1,3,1,0,0,0,1,3,1,0,0,3,3,0,1
4212,1,17,2,9773,1,1,0,1,1,1,4,8,0,1,0,0,1,0,0,0,0,0,3,1,3,2,0,0,3,1,3,3,0,2,1,2,2
396,1,51,1,9238,1,1,0,1,3,19,3,10,0,1,0,0,1,0,0,1,0,2,3,3,3,1,0,2,3,3,3,1,0,2,1,2,2
2700,1,1,1,171,1,1,1,1,1,1,4,3,2,1,0,1,1,1,0,2,0,0,0,0,0,0,0,0,0,0,0,0,0,3,0,1,0
728,1,1,2,171,1,1,1,41,19,1,4,7,2,1,0,0,1,1,0,1,1,0,0,0,0,0,0,0,0,0,0,0,0,0,2,1,2
957,1,1,3,9773,1,1,0,1,38,1,9,4,0,1,0,0,1,1,0,0,0,0,2,1,2,2,0,0,2,1,1,2,0,2,1,2,2
1845,1,1,1,9130,1,1,2,1,3,19,2,4,2,1,0,0,1,1,0,0,0,0,2,2,1,1,0,0,2,3,1,2,0,1,1,3,0
3141,1,17,2,9147,1,1,1,1,1,19,4,5,1,1,0,0,1,0,0,2,0,0,1,3,1,1,0,0,1,1,2,1,0,2,1,2,2
10,1,1,1,9670,1,1,2,1,38,19,5,7,2,1,0,0,1,0,0,0,0,0,1,1,2,2,0,0,1,1,1,3,0,2,0,2,2
3767,1,17,1,9773,1,1,0,1,37,1,9,8,0,1,0,1,0,0,0,0,0,0,2,1,1,1,0,0,2,1,0,0,0,2,1,2,0
2099,1,17,2,9254,1,1,0,1,19,19,5,5,0,1,0,1,1,0,0,0,0,0,2,3,2,1,0,0,2,2,2,1,0,3,0,1,0
799,1,1,1,9853,1,1,1,1,3,1,3,7,3,1,0,0,1,0,0,0,0,0,1,1,2,1,0,0,2,3,1,2,0,1,1,2,1
2414,1,43,2,9147,1,1,1,1,34,37,9,9,1,1,0,0,1,1,0,2,0,2,3,3,3,1,1,2,3,3,3,1,3,0,2,1,2
4293,1,1,6,9254,1,1,0,1,19,19,9,9,1,1,0,0,1,1,0,1,0,0,3,3,1,0,0,0,3,3,1,1,0,1,1,2,0
1886,1,44,1,9003,1,39,3,1,37,37,9,7,3,1,0,0,0,1,0,3,0,2,3,3,2,1,0,1,3,3,1,1,0,3,3,0,0
4311,1,1,6,9119,1,1,2,1,2,1,3,5,1,1,0,0,1,1,0,0,0,0,1,3,0,0,0,0,1,3,1,0,3,0,2,1,1
1092,1,17,3,9238,1,1,3,1,37,38,0,7,2,1,0,0,1,0,0,0,0,0,2,3,1,0,0,0,2,1,2,1,0,0,2,1,2
3769,1,1,3,9773,1,1,1,1,1,1,4,4,2,1,0,0,1,0,1,0,0,0,2,1,3,2,0,0,2,2,2,2,0,2,1,2,0
3656,1,1,2,9085,1,1,3,1,1,19,4,10,2,1,0,0,1,0,1,0,0,0,1,3,1,2,2,0,1,2,1,2,0,2,3,0,2
581,1,17,5,9500,1,1,3,1,12,1,5,5,2,1,0,0,1,0,0,0,0,0,3,2,3,2,0,0,3,2,3,2,0,2,0,2,2
3249,1,1,3,9070,1,1,3,1,38,37,5,5,3,1,0,0,1,0,0,0,0,0,2,1,3,3,0,0,2,1,3,3,0,3,0,1,2
2574,1,16,3,9773,1,1,2,1,37,38,4,9,2,1,0,0,1,0,1,1,0,0,2,1,2,3,0,0,2,1,2,2,0,1,1,3,2
2145,1,17,1,9130,1,1,3,1,3,3,2,2,2,1,0,1,0,0,0,0,0,0,2,2,2,2,0,0,2,3,2,3,0,0,1,3,1
844,1,1,1,9238,1,1,3,1,38,34,9,9,2,1,0,0,1,0,0,0,0,0,2,2,1,1,0,0,2,2,1,1,0,0,0,0,2
1684,1,17,3,9070,1,1,1,1,37,37,5,5,1,1,0,0,1,1,0,0,0,0,2,1,2,3,0,0,2,2,2,2,0,1,1,2,2
1160,1,39,1,9991,0,19,1,1,37,37,9,9,0,0,0,0,1,0,0,3,0,0,1,2,1,0,0,0,1,1,2,1,1,0,2,1,2
1226,1,1,1,9147,1,1,3,1,9,19,4,3,3,0,0,0,1,0,0,2,0,0,1,2,1,0,0,0,1,2,2,1,0,0,2,1,2
1148,1,18,2,9853,1,1,0,1,1,1,9,0,0,0,0,0,1,0,0,0,0,0,3,3,2,1,0,0,3,3,2,1,0,2,0,2,1
1971,1,17,1,9085,1,1,1,1,2,19,2,4,1,1,0,0,1,0,1,1,0,0,2,1,2,3,0,0,2,2,2,1,0,0,1,3,2
1506,1,39,1,9991,0,1,3,41,37,19,9,9,3,0,0,0,1,0,1,3,1,0,1,3,1,0,0,0,1,3,1,0,0,3,3,0,1
1200,1,1,1,9130,1,1,3,1,1,19,4,4,3,0,0,0,1,0,0,0,0,0,2,1,2,3,0,0,2,1,2,3,0,1,1,3,2
3518,2,42,1,9254,1,1,2,1,2,2,134,112,2,1,0,0,1,1,0,2,0,1,2,3,1,1,0,1,2,3,1,2,0,0,2,1,0
4399,1,1,1,9254,1,1,3,1,37,19,9,9,3,1,0,0,1,0,1,2,0,0,3,3,3,3,0,0,3,1,3,3,0,0,0,0,2
126,1,44,1,9085,1,39,3,1,37,37,9,9,3,1,0,0,1,0,0,1,0,1,1,1,2,3,0,1,1,3,1,3,0,2,1,2,2
569,1,39,1,9003,1,1,0,1,3,4,2,2,1,0,0,0,1,1,0,3,0,0,1,3,1,2,0,0,1,3,1,1,0,3,0,1,2
1923,1,17,3,9147,1,1,3,1,37,38,5,1,2,0,0,0,1,0,0,0,0,0,1,1,2,2,0,0,1,1,1,2,0,0,0,0,2
2396,1,39,1,9003,1,1,2,1,1,3,4,5,2,0,0,0,1,1,0,2,0,0,2,2,0,0,0,0,2,3,0,0,0,3,0,1,0
4156,1,1,3,9500,1,1,1,1,37,37,9,9,1,1,0,0,1,0,1,0,0,0,3,2,3,2,0,0,3,2,3,2,0,2,3,0,1
3964,1,17,1,9238,1,1,0,1,19,19,4,5,0,1,0,1,0,0,0,0,0,0,2,3,2,1,0,0,2,3,1,0,0,3,0,1,0
2683,1,17,1,9085,1,1,1,1,1,19,5,9,2,0,0,0,1,1,0,2,0,0,1,2,1,2,0,0,1,2,1,0,0,0,2,1,2
2708,1,5,3,9070,1,1,3,1,3,1,9,6,3,1,0,0,1,0,0,0,0,0,2,1,2,2,0,0,2,2,2,3,0,1,1,2,2
920,4,39,1,8014,0,19,2,1,37,37,9,3,2,0,0,0,1,0,1,3,0,0,2,3,1,1,0,0,2,2,1,0,0,1,1,2,2
2172,2,7,1,9070,1,43,2,1,37,1,9,7,3,0,0,0,1,0,0,3,0,0,2,1,2,3,0,0,2,2,1,1,0,1,1,3,2
3136,1,1,1,9085,1,1,1,1,38,37,9,7,1,1,0,0,1,0,0,0,0,0,1,2,1,2,2,0,1,3,1,1,0,2,3,0,2
1082,1,51,1,9070,1,1,0,1,5,1,2,10,1,1,0,0,1,0,0,2,0,0,2,1,1,1,0,0,2,1,1,2,0,0,1,3,1
4283,1,39,1,9147,1,19,0,1,38,19,7,9,2,0,0,1,0,1,0,3,0,0,1,2,1,0,0,0,1,3,0,0,0,1,1,2,0
3717,1,1,3,171,1,1,2,1,37,37,9,9,1,1,0,0,1,1,0,0,0,0,0,0,0,0,0,0,0,0,0,0,0,0,2,1,2
3890,1,18,1,9853,1,1,1,1,1,19,141,182,0,1,0,1,1,0,0,2,0,0,3,2,3,2,0,0,3,2,3,2,0,0,1,3,1
2412,2,39,2,9991,0,1,3,1,37,37,9,9,1,0,0,0,1,0,0,3,0,0,1,3,1,0,0,1,1,3,1,2,0,0,0,0,1
4008,1,18,3,9853,1,1,1,1,38,37,5,9,0,1,0,0,0,1,0,0,0,0,2,3,1,1,0,0,2,3,0,0,0,1,1,2,0
4147,4,39,1,9085,1,1,2,1,37,37,9,9,3,0,0,0,0,0,1,3,0,0,3,3,1,2,0,0,3,3,1,0,0,0,1,3,1
381,1,43,1,9500,1,1,3,1,19,37,8,8,0,0,0,0,1,0,0,1,0,0,3,2,2,2,0,0,3,2,3,3,0,2,0,2,1
4301,1,43,1,171,1,39,2,1,38,37,9,7,3,0,0,0,0,1,0,2,0,0,0,0,0,0,0,0,0,0,0,0,0,3,3,0,0
4082,1,17,3,9254,1,1,0,1,37,19,5,5,0,1,0,0,1,0,0,0,0,0,2,2,1,1,0,0,3,2,1,1,0,1,1,2,1
1072,1,1,1,9853,1,1,3,1,38,37,5,5,3,0,0,0,1,0,0,0,0,0,2,2,1,2,0,0,2,2,2,2,0,0,0,0,1
729,1,43,1,9670,1,1,3,1,3,2,2,2,2,1,0,0,1,1,0,0,0,0,1,3,1,3,0,0,1,2,1,1,0,2,0,2,1
3646,1,39,1,9085,1,1,1,1,3,3,4,2,3,1,0,0,1,0,0,3,0,0,2,3,1,1,0,0,2,3,1,2,0,2,1,2,1
2078,1,17,2,9500,1,1,3,1,3,3,3,6,2,1,0,0,1,0,0,0,0,0,3,2,3,2,0,0,3,2,3,2,0,2,0,2,2
523,1,18,3,9085,1,1,3,103,1,1,9,9,2,1,0,0,1,0,1,0,1,0,1,2,1,1,0,0,1,2,1,2,0,1,1,2,2
3699,1,1,1,9085,1,1,0,1,3,1,2,5,0,0,0,0,1,1,0,0,0,0,1,1,0,0,0,0,1,1,0,0,0,0,2,1,0
3281,2,7,1,8014,0,3,1,1,35,35,90,90,3,0,0,0,0,0,0,3,0,3,3,3,3,2,0,3,3,2,3,2,0,1,1,2,0
2466,1,1,1,9119,1,1,3,1,37,37,9,9,3,1,0,0,1,1,0,0,0,0,1,1,1,0,0,0,1,2,1,3,0,1,1,2,1
506,1,39,1,33,1,1,2,1,3,1,2,4,3,0,0,0,1,0,0,3,0,0,3,2,3,3,0,0,3,3,1,3,3,3,0,1,1
3329,1,17,1,9147,1,1,0,1,1,1,4,4,0,0,0,0,1,1,0,2,0,0,1,1,2,0,0,0,1,3,1,1,0,1,1,2,1
3945,1,17,1,9773,1,1,0,1,37,37,9,8,0,1,0,0,1,0,1,0,0,0,2,2,3,3,0,0,2,2,3,3,0,2,0,2,2
2025,1,43,1,9500,1,1,3,1,4,19,4,10,0,0,0,0,1,1,0,0,0,0,3,1,3,1,0,0,3,3,3,2,0,2,0,2,2
221,2,1,4,9853,1,1,2,1,37,37,5,7,1,0,1,0,1,0,1,0,0,0,1,1,2,2,0,0,1,1,2,3,0,1,1,2,2
1114,1,1,1,9500,1,1,3,1,19,19,9,7,3,0,0,0,1,0,1,0,0,0,3,3,2,3,0,0,3,3,3,3,0,3,3,0,2
279,1,1,1,9500,1,1,1,1,19,19,5,5,1,1,0,0,1,0,1,1,0,0,3,2,3,3,0,0,3,3,3,3,0,3,3,0,2
1542,4,17,5,8014,0,1,0,1,19,19,90,90,0,0,0,0,1,0,0,3,0,0,1,3,1,0,0,0,1,3,0,0,0,1,1,2,0
2937,1,43,5,9853,1,1,3,1,34,34,0,0,3,1,0,0,0,0,0,3,0,0,2,2,1,2,2,0,1,1,0,0,3,0,0,0,0
968,2,39,1,9991,0,1,2,1,34,34,0,0,2,1,0,0,0,1,0,3,0,0,1,1,0,0,0,0,1,1,0,0,0,0,2,1,0
3770,1,44,1,9130,1,39,2,1,1,19,4,8,3,0,0,0,1,0,0,0,0,0,2,0,0,0,0,0,2,0,0,0,0,2,3,0,0
305,1,1,1,9670,1,1,0,1,1,19,4,10,0,1,0,0,1,0,0,0,0,0,1,2,1,0,0,0,1,2,1,1,0,1,1,2,1
3041,1,17,5,9500,1,1,1,1,19,1,9,4,2,1,0,0,1,0,0,0,0,0,3,2,3,2,0,0,3,3,3,2,0,1,1,3,1
3716,1,44,1,9130,1,39,2,1,4,4,2,10,3,1,0,0,1,1,0,1,0,1,1,2,1,1,0,1,1,3,1,1,0,2,3,0,0
3144,1,1,1,9238,1,1,3,1,37,38,9,8,3,1,0,0,1,0,1,0,0,0,2,2,3,3,0,0,2,1,3,3,0,3,0,1,2
1054,1,1,2,9500,1,1,3,1,37,37,9,7,2,1,0,0,1,0,1,0,0,0,3,2,3,3,0,0,3,2,3,3,0,2,0,2,2
2951,1,1,3,9085,1,1,2,1,1,1,4,8,2,1,0,0,1,0,0,0,0,0,2,1,3,3,0,0,2,3,3,3,0,0,1,3,2
4395,1,17,3,9773,1,1,3,1,34,34,99,99,2,1,0,1,1,0,1,0,0,0,3,2,3,1,0,0,3,2,2,2,0,0,0,0,0
4229,2,39,1,9085,1,1,1,1,36,36,99,5,2,0,0,0,0,0,1,3,0,0,1,3,1,1,3,0,1,1,0,0,3,0,0,0,0
2592,1,7,1,9147,1,3,1,1,37,19,9,8,2,0,0,0,1,0,0,2,0,2,3,2,3,0,0,2,3,3,3,1,0,1,1,2,2
4370,1,1,3,171,1,1,2,1,1,3,5,2,2,1,0,0,1,1,0,0,0,0,0,0,0,0,0,0,0,0,0,0,0,2,3,0,2
3973,1,43,3,9500,1,1,2,1,1,19,9,7,2,1,0,1,1,0,1,1,0,0,3,3,3,2,0,0,3,3,3,1,0,3,3,0,2
2213,1,1,1,9238,1,1,2,1,19,38,9,9,2,0,0,0,1,1,0,0,0,0,2,3,2,1,0,0,2,3,1,2,0,3,0,1,0
3957,1,17,1,9085,1,1,2,1,37,38,7,9,2,0,0,0,1,0,0,0,0,0,1,3,1,3,3,0,1,3,1,1,0,0,0,0,2
1986,2,42,1,9500,1,2,1,1,37,37,9,9,2,0,0,0,1,0,1,3,0,0,3,2,3,3,0,0,3,2,3,3,0,0,0,0,2
548,1,1,1,9500,1,1,3,1,37,37,9,9,3,0,0,0,1,1,0,0,0,0,3,3,2,3,1,0,3,3,2,3,1,0,0,0,1
2240,1,39,1,9254,1,1,3,1,3,1,3,4,1,0,0,0,1,1,0,3,0,0,2,3,2,2,0,0,2,2,2,1,0,2,0,2,2
4409,2,43,1,9991,0,1,2,1,37,37,4,1,1,0,0,0,1,1,0,3,0,0,1,1,2,3,0,0,1,1,2,3,0,2,0,2,2
217,1,39,1,8014,0,1,0,1,19,37,8,7,0,1,0,0,1,0,0,2,0,0,1,3,1,0,0,0,1,1,0,0,3,0,0,0,0
3975,1,17,4,9500,1,1,0,1,37,37,5,5,1,1,0,0,1,0,0,2,0,0,3,2,3,3,0,0,3,3,3,3,0,3,0,1,2
3860,1,39,1,9003,1,19,1,1,37,19,9,7,2,0,0,0,1,1,0,2,0,0,2,3,1,0,0,0,2,3,1,1,0,2,1,2,0
3936,1,1,1,9130,1,1,0,1,37,37,9,9,0,1,0,1,1,0,0,1,0,0,1,3,1,1,3,0,1,3,1,1,0,0,0,0,0
1756,1,17,1,171,1,1,3,1,4,4,3,3,3,0,0,1,1,1,0,0,0,2,3,3,3,2,0,2,3,3,3,2,0,0,1,3,1
1873,1,39,1,8014,0,1,1,1,34,34,0,0,0,1,0,0,1,1,0,3,0,0,2,3,0,0,1,0,1,3,0,0,0,0,2,1,0
1588,1,17,1,9254,1,1,0,1,37,37,5,4,1,1,0,0,1,1,0,0,0,0,2,3,1,0,0,0,2,3,1,1,0,1,1,2,0
815,1,51,1,9147,1,1,1,1,1,1,4,4,1,0,0,0,1,0,0,2,0,0,1,2,1,2,0,0,1,3,1,2,0,1,1,3,1
2007,1,16,3,9085,1,1,1,1,37,37,9,2,1,1,0,0,1,0,1,0,0,0,2,3,2,3,0,0,2,2,2,1,0,3,3,0,2
3565,2,39,1,9991,0,1,3,1,1,3,1,2,2,0,0,0,0,1,1,3,0,0,1,3,1,0,0,0,1,3,1,0,0,0,0,0,0
3984,1,39,1,9003,1,1,2,1,38,38,9,6,3,0,0,1,0,0,0,3,0,0,2,1,0,0,0,0,2,2,0,0,0,0,1,3,0
1955,1,18,1,9853,1,1,0,1,19,38,4,0,0,1,0,0,1,0,0,0,0,0,3,3,2,1,0,0,3,2,2,2,0,2,1,2,2
1401,1,1,2,9254,1,1,2,1,38,38,9,7,1,1,0,0,1,0,1,0,0,0,2,2,2,1,0,0,2,2,2,2,0,0,1,3,2
2029,1,1,1,9773,1,1,2,1,37,38,9,6,1,1,0,0,1,1,0,0,0,0,2,1,2,3,0,0,2,1,2,3,0,2,3,0,2
377,1,1,1,9500,1,1,3,1,1,1,4,4,3,1,0,0,1,0,1,0,0,0,3,1,3,3,0,0,3,2,3,3,0,2,1,2,2
4228,2,39,1,8014,0,1,1,1,37,37,5,4,2,0,0,0,1,0,0,3,0,0,3,2,2,3,0,0,3,2,2,2,0,3,3,0,1
1543,1,7,1,9130,1,2,1,6,42,1,4,9,0,0,0,0,1,1,0,3,1,0,3,2,0,0,1,0,2,2,0,0,0,0,1,3,0
160,1,1,1,9670,1,1,1,1,19,1,4,1,1,0,0,0,1,0,0,0,0,0,1,1,2,2,0,0,1,2,2,2,0,1,1,2,0
4141,1,7,1,9070,1,3,1,1,3,5,2,2,1,1,0,0,1,0,0,3,0,0,1,1,1,3,0,0,1,1,1,3,0,0,2,1,0
3067,1,1,3,9500,1,1,2,6,2,3,5,2,1,1,0,0,1,0,0,0,1,0,3,2,2,2,0,0,3,2,2,1,0,2,1,2,1
949,1,39,1,9147,1,1,2,1,37,3,9,2,3,0,0,0,1,1,0,3,0,0,1,0,0,0,0,0,1,0,0,0,0,3,3,0,0
4020,1,1,1,9670,1,1,1,1,3,1,1,7,3,0,0,0,1,0,0,2,0,0,1,1,1,1,0,0,1,1,0,0,0,0,0,0,0
4372,1,39,1,9003,1,1,1,1,12,12,9,9,1,0,0,0,1,1,0,2,0,0,3,2,0,0,0,0,3,3,0,0,0,2,1,2,0
1549,5,39,1,9500,1,1,0,1,38,38,9,9,0,0,0,0,0,0,0,3,0,0,3,2,0,0,1,0,3,2,0,0,1,2,3,0,0
1704,1,39,1,9670,1,1,1,1,1,19,4,9,3,0,0,0,1,1,1,2,0,0,2,2,2,1,0,0,2,1,2,2,0,3,3,0,2
4204,1,1,1,9238,1,1,0,1,34,38,0,7,1,1,0,0,1,0,0,1,0,0,3,3,2,1,0,0,3,3,1,1,0,0,2,1,0
1238,1,44,1,9003,1,39,3,1,38,37,9,9,3,1,0,0,1,1,0,1,0,0,2,2,2,2,0,0,2,3,2,2,0,3,0,1,2
2496,1,1,1,171,1,1,3,1,19,37,9,9,3,1,0,0,1,1,1,1,0,0,0,0,0,0,0,0,0,0,0,0,0,1,1,2,2
3009,1,1,4,9500,1,1,0,1,1,12,3,6,0,1,0,0,1,0,0,1,0,0,3,1,3,2,0,0,3,2,3,3,0,2,1,2,2
1183,1,53,1,9085,1,42,2,1,19,38,9,9,3,0,0,1,0,0,0,2,0,3,3,3,3,3,0,2,3,3,2,2,0,0,1,3,0
1466,1,17,2,9119,1,1,0,1,10,12,9,9,1,1,0,0,1,1,0,1,0,0,1,1,1,0,0,0,1,1,0,0,0,1,1,2,0
3253,1,44,1,9130,1,39,1,1,1,3,9,2,2,1,0,1,1,0,1,2,0,1,2,3,1,2,0,1,2,3,1,2,0,2,0,2,0
972,2,39,2,9119,1,19,1,1,37,37,7,7,1,0,0,0,0,1,0,3,0,0,1,3,0,0,0,0,1,1,0,0,0,0,0,0,0
3695,1,39,1,9991,0,19,1,1,19,37,9,9,3,0,0,0,0,1,0,3,0,0,1,3,1,1,0,0,1,2,1,1,0,1,1,3,0
2742,1,1,1,9238,1,1,3,1,37,37,4,4,3,0,0,0,1,0,0,2,0,0,2,1,2,2,0,0,2,1,2,3,0,1,1,2,2
426,1,1,4,9670,1,1,1,1,38,38,3,7,1,1,0,0,1,0,0,0,0,0,1,2,2,3,0,0,1,2,2,3,0,1,1,3,2
3967,1,1,1,9500,1,1,0,1,1,19,9,9,0,0,0,0,1,0,1,1,0,0,3,3,0,0,0,0,3,3,0,0,0,1,1,3,1
3858,1,1,1,9670,1,1,0,1,38,19,0,2,0,1,0,0,1,1,0,2,0,0,1,2,0,0,0,0,1,1,0,0,0,0,0,0,0
1897,1,1,1,9773,1,1,0,1,3,3,2,2,0,1,0,1,0,0,0,0,0,0,2,1,2,1,0,0,2,3,1,1,0,1,1,3,0
992,1,1,1,9773,1,1,3,1,1,3,3,3,3,1,0,0,1,0,0,0,0,0,2,2,2,1,0,0,2,1,2,1,0,1,1,3,0
481,1,18,6,9500,1,1,3,1,1,19,1,1,2,1,0,0,1,0,1,0,0,0,3,2,3,3,0,0,3,2,3,3,0,2,3,0,2
2855,1,17,1,9500,1,1,2,1,1,1,9,9,2,1,0,0,1,0,1,0,0,0,3,3,2,3,0,0,3,2,3,2,0,1,1,3,0
2052,1,1,2,9773,1,1,1,1,1,19,4,5,1,1,0,0,1,0,0,0,0,0,1,1,1,0,0,0,1,1,0,0,0,2,3,0,0
4011,1,5,1,9147,1,1,1,1,19,38,5,6,0,1,0,0,1,0,0,0,0,0,1,3,1,0,0,0,1,1,1,0,0,2,0,2,1
3294,1,43,1,9500,1,1,1,1,38,19,9,10,0,0,0,0,1,0,0,2,0,0,3,3,3,1,0,0,3,1,3,2,0,3,0,1,1
2874,2,39,1,9991,0,12,1,1,37,34,90,90,0,1,0,0,1,0,0,3,0,0,1,0,0,0,0,0,1,0,0,0,0,0,2,1,0
2935,1,43,1,9773,1,1,1,22,34,34,90,90,2,0,0,1,1,0,0,2,1,0,2,3,1,3,0,0,2,2,1,2,0,0,2,1,0
1330,1,17,3,9556,1,1,1,1,19,38,9,7,2,0,0,0,1,0,1,0,0,0,3,2,3,2,0,0,3,2,3,3,0,2,3,0,2
504,1,1,2,9500,1,1,2,1,37,1,7,7,2,1,0,0,1,0,1,0,0,0,3,3,3,1,0,0,3,3,3,1,0,2,3,0,2
2972,1,5,1,9085,1,1,3,1,1,1,4,4,3,0,0,0,1,0,0,0,0,0,1,2,1,1,2,0,1,1,1,2,0,0,2,1,1
2515,1,17,4,9119,1,1,0,62,1,1,191,171,1,1,0,0,1,1,0,1,1,0,1,3,1,3,0,0,1,3,1,0,0,0,1,3,1
3720,1,44,1,9003,1,1,0,1,1,3,144,123,1,0,0,0,1,1,0,0,0,0,2,3,1,0,0,0,2,3,0,0,0,3,0,1,1
1296,1,39,2,9670,1,1,3,1,34,34,0,0,0,1,0,0,1,1,0,3,0,0,1,1,0,0,0,0,1,1,0,0,0,0,2,1,0
692,1,1,1,9254,1,1,2,1,19,19,9,3,2,0,0,0,1,1,0,2,0,0,1,2,2,2,0,0,1,3,1,2,0,2,3,0,1
2862,2,39,1,8014,0,1,2,1,37,37,9,9,1,0,0,0,1,0,0,3,0,0,2,2,2,2,0,0,2,1,2,1,0,1,1,2,2
1844,1,1,6,9500,1,1,1,1,1,1,9,9,1,1,1,1,1,1,0,0,0,1,3,2,3,2,0,1,3,3,3,2,0,2,1,2,2
1582,1,43,1,9991,0,1,0,1,19,37,3,9,0,0,0,0,1,0,0,3,0,0,1,2,0,0,0,0,1,3,1,1,0,2,0,2,0
676,1,17,4,9070,1,1,3,1,1,19,5,7,3,1,0,0,1,0,0,0,0,0,1,1,2,3,0,0,1,1,2,3,0,1,1,3,2
4186,1,17,2,9085,1,1,2,1,37,37,9,7,1,1,0,0,1,0,0,0,0,0,1,3,1,3,3,0,1,3,1,1,2,0,0,0,1
1922,1,1,1,9853,1,1,3,1,19,1,9,1,2,0,0,0,1,0,0,0,0,0,2,2,2,2,0,0,2,3,1,0,0,0,0,0,1
1356,1,39,1,9773,1,1,2,1,34,37,0,0,0,0,0,0,1,0,0,3,0,0,2,2,1,1,0,0,2,3,0,0,0,0,2,1,0
3121,1,1,1,9556,1,1,2,1,37,38,7,9,1,0,0,0,1,0,1,1,0,0,3,3,3,0,0,0,3,2,3,1,0,2,3,0,2
2483,1,53,1,9003,1,42,1,1,1,38,9,6,2,0,0,0,1,1,0,2,0,3,3,3,3,2,0,3,3,3,3,1,0,0,1,3,2
1771,1,39,1,9147,1,1,1,41,38,38,9,8,2,0,0,0,1,0,0,2,1,0,1,3,1,0,0,0,1,2,1,0,2,3,0,1,1
4092,1,1,1,9500,1,1,3,1,1,1,4,10,3,0,0,0,1,0,0,0,0,0,3,2,3,3,0,0,3,3,0,0,2,2,1,2,0
3558,1,1,4,9070,1,1,2,1,4,19,2,10,1,1,0,0,1,1,0,0,0,0,2,2,3,2,0,0,2,2,3,1,0,0,0,0,1
1040,1,17,4,9070,1,1,1,1,1,19,4,5,1,1,0,0,1,0,0,0,0,0,2,2,1,1,0,0,2,1,2,0,1,3,0,1,2
388,1,17,1,9853,1,1,2,1,1,19,4,5,1,1,0,0,1,0,0,2,0,0,1,3,1,2,0,0,1,2,1,2,0,3,3,0,1
348,2,39,1,9238,1,1,0,1,37,37,9,9,0,0,0,0,1,0,0,3,0,0,1,2,2,2,0,0,1,1,2,3,0,2,3,0,2
370,2,43,1,8014,0,1,3,1,37,39,9,4,3,0,0,0,1,0,0,3,0,3,3,3,3,3,0,2,3,1,3,3,0,3,0,1,2
1013,1,1,2,9773,1,1,0,1,19,1,4,5,1,1,0,0,1,0,0,0,0,0,2,0,0,0,0,0,2,0,0,0,0,1,1,3,0
1482,1,1,2,9670,1,1,2,1,3,1,2,6,3,1,0,0,1,1,1,2,0,0,2,2,2,3,0,0,2,1,2,3,0,0,1,3,2
1477,1,51,1,171,1,1,1,1,2,1,3,3,2,1,0,0,1,1,0,2,0,2,3,3,3,3,0,2,3,3,3,2,0,0,1,3,2
2686,1,51,1,9147,1,1,1,1,19,38,9,8,0,0,0,0,1,1,0,1,0,0,1,1,2,0,0,0,1,1,1,0,0,0,1,3,1
2569,1,1,2,9773,1,1,3,1,19,1,3,9,3,1,0,0,1,0,1,0,0,0,2,1,2,3,0,0,2,1,2,3,0,3,0,1,2
2359,1,17,5,9254,1,1,0,1,1,1,2,3,0,1,0,0,1,1,0,2,0,0,2,3,1,1,0,0,2,3,1,0,0,0,0,0,0
2137,1,1,5,9773,1,1,0,1,38,19,9,9,0,1,0,0,1,0,0,0,0,0,2,1,2,2,0,0,2,1,2,2,0,0,1,3,2
2896,1,39,1,9991,0,1,0,1,37,37,6,6,3,0,0,0,1,0,0,3,0,0,1,2,1,1,0,0,1,1,2,1,0,2,0,2,1
2087,1,17,1,9130,1,1,3,1,3,2,3,6,3,1,0,0,1,0,0,0,0,0,2,2,2,3,0,0,2,2,2,3,0,2,0,2,0
371,4,39,1,9991,0,1,1,1,38,19,9,7,3,0,0,0,1,0,1,3,0,0,1,3,1,1,0,0,1,3,1,1,0,2,0,2,1
1463,1,51,1,9119,1,1,2,1,1,19,4,4,3,0,0,0,1,1,0,2,0,0,1,1,1,2,0,0,1,3,1,0,0,0,1,3,0
1755,1,1,1,9119,1,1,3,1,1,1,3,3,3,0,0,0,0,1,1,0,0,0,1,1,2,3,0,0,1,1,2,3,0,0,1,3,1
335,1,44,1,9238,1,39,2,1,38,37,7,7,3,0,0,0,1,0,0,0,0,1,1,1,2,2,0,1,1,1,2,3,0,2,0,2,2
1259,1,1,1,9085,1,1,3,1,19,38,9,9,2,1,0,0,1,0,0,0,0,0,2,1,2,3,0,0,2,2,2,3,0,2,1,2,2
4307,1,39,1,171,1,1,0,1,34,34,0,0,2,1,0,0,1,1,0,3,0,0,0,0,0,0,0,0,0,0,0,0,0,0,2,1,0
1209,2,39,1,9003,1,1,0,1,37,37,9,9,1,0,0,1,0,0,0,3,0,0,2,3,1,1,0,0,2,3,1,0,0,0,1,3,0
2102,1,1,6,9500,1,1,2,1,37,37,9,8,2,1,0,0,1,0,1,0,0,0,3,2,3,2,0,0,3,2,3,3,0,3,3,0,2
1419,1,39,1,9130,1,1,0,1,38,38,9,10,1,0,0,0,1,0,0,2,0,0,2,2,2,2,0,0,2,3,2,2,0,1,1,3,0
266,1,17,4,9500,1,1,3,1,4,1,2,3,3,1,0,0,1,0,0,0,0,0,3,2,3,3,0,0,3,2,3,3,0,2,3,0,2
3193,1,42,1,9070,1,1,0,1,3,2,3,1,0,0,0,0,1,1,0,1,0,2,3,3,3,2,0,2,3,2,1,1,0,2,0,2,0
1895,1,1,1,9070,1,1,0,1,19,19,7,9,2,1,0,0,1,0,0,0,0,0,2,3,1,0,0,0,2,1,1,1,0,0,2,1,1
969,1,39,1,9119,1,1,3,1,1,38,3,5,1,0,0,0,1,1,0,2,0,0,1,1,1,0,0,0,1,2,1,0,0,3,3,0,1
2750,1,39,1,9119,1,1,3,1,1,38,4,7,0,0,0,0,0,1,0,2,0,0,1,2,0,0,0,0,1,1,0,0,0,0,0,0,0
3049,1,1,2,9085,1,1,1,1,38,37,5,7,1,1,0,0,1,0,0,0,0,0,1,2,1,2,0,0,1,2,2,2,0,1,1,2,2
3802,4,43,1,8014,0,1,2,1,38,37,9,9,1,0,0,0,1,0,1,3,0,2,3,2,3,2,0,2,3,3,3,1,0,2,3,0,2
1941,1,1,1,9238,1,1,0,1,38,38,9,6,0,1,0,0,1,0,0,0,0,0,2,1,2,2,0,0,2,1,2,2,0,0,1,3,2
3697,1,17,1,9254,1,1,0,1,1,1,4,10,1,0,0,0,1,1,0,0,0,0,2,2,2,0,0,0,2,3,1,0,0,1,1,2,1
3396,1,43,1,9147,1,1,1,1,3,19,2,9,1,0,0,0,1,0,0,0,0,0,1,1,0,0,0,0,1,2,1,2,2,3,0,1,1
1994,1,1,1,9254,1,1,1,1,19,9,0,0,1,1,0,0,1,0,1,1,0,0,2,3,0,0,0,0,2,3,0,0,0,0,2,1,0
2028,1,1,1,9500,1,1,1,1,19,37,4,9,2,1,0,0,1,0,1,0,0,0,3,1,2,2,0,0,3,1,2,2,0,0,2,1,2
840,1,1,1,9147,1,1,0,41,3,3,9,9,0,0,0,1,0,0,0,0,1,0,1,3,0,0,0,0,1,1,0,0,0,0,1,3,0
2095,1,43,1,9130,1,1,2,1,3,3,2,2,3,0,0,0,1,0,0,1,0,3,3,3,3,2,3,3,3,3,3,2,1,3,3,0,2
2621,1,1,1,9070,1,1,0,1,1,37,9,9,0,1,0,0,1,0,1,1,0,0,2,1,2,1,0,0,2,1,2,1,0,2,1,2,2
1916,1,17,5,9500,1,1,2,1,19,38,5,8,2,1,0,0,1,0,1,0,0,0,3,1,2,2,0,0,3,1,2,2,0,0,2,1,2
70,1,17,1,9147,1,1,3,1,38,37,5,5,2,0,0,0,1,1,0,0,0,0,1,2,0,0,0,0,1,1,0,0,0,0,2,1,1
1711,1,1,3,9500,1,1,2,1,19,19,5,4,2,1,0,0,1,0,1,1,0,0,3,2,3,2,0,0,3,2,3,3,0,0,0,0,2
3517,1,1,1,9119,1,1,2,1,38,38,9,9,1,1,0,0,1,1,0,0,0,0,1,3,0,0,0,0,1,3,1,1,3,0,2,1,0
2364,1,1,1,9003,1,1,3,1,19,19,9,9,2,0,0,0,1,1,1,0,0,0,2,2,1,1,2,0,2,3,1,2,0,3,3,0,1
